"Longitude (x)","Latitude (y)","Station Name","Climate ID","Date/Time","Year","Month","Day","Time","Temp (°C)","Temp Flag","Dew Point Temp (°C)","Dew Point Temp Flag","Rel Hum (%)","Rel Hum Flag","Wind Dir (10s deg)","Wind Dir Flag","Wind Spd (km/h)","Wind Spd Flag","Visibility (km)","Visibility Flag","Stn Press (kPa)","Stn Press Flag","Hmdx","Hmdx Flag","Wind Chill","Wind Chill Flag","Weather"
"-79.40","43.67","TORONTO","6158350","1969-05-01 00:00","1969","05","01","00:00"
"-79.40","43.67","TORONTO","6158350","1969-05-01 01:00","1969","05","01","01:00"
"-79.40","43.67","TORONTO","6158350","1969-05-01 02:00","1969","05","01","02:00"
"-79.40","43.67","TORONTO","6158350","1969-05-01 03:00","1969","05","01","03:00"
"-79.40","43.67","TORONTO","6158350","1969-05-01 04:00","1969","05","01","04:00"
"-79.40","43.67","TORONTO","6158350","1969-05-01 05:00","1969","05","01","05:00"
"-79.40","43.67","TORONTO","6158350","1969-05-01 06:00","1969","05","01","06:00","6.1","","-3.9","","48","","","","","","","","","","","","","","Clear"
"-79.40","43.67","TORONTO","6158350","1969-05-01 07:00","1969","05","01","07:00","7.2","","-3.3","","46","","","","0","","16.1","","101.11","","","","","","Clear"
"-79.40","43.67","TORONTO","6158350","1969-05-01 08:00","1969","05","01","08:00","10.6","","-2.2","","41","","","","","","","","","","","","","","Clear"
"-79.40","43.67","TORONTO","6158350","1969-05-01 09:00","1969","05","01","09:00","12.2","","-1.1","","39","","","","","","","","","","","","","","Clear"
"-79.40","43.67","TORONTO","6158350","1969-05-01 10:00","1969","05","01","10:00","13.3","","-1.1","","37","","","","","","","","","","","","","","Clear"
"-79.40","43.67","TORONTO","6158350","1969-05-01 11:00","1969","05","01","11:00","14.4","","-0.6","","35","","","","","","","","","","","","","","Clear"
"-79.40","43.67","TORONTO","6158350","1969-05-01 12:00","1969","05","01","12:00","15.6","","-1.1","","32","","18","","14","","16.1","","101.12","","","","","","Clear"
"-79.40","43.67","TORONTO","6158350","1969-05-01 13:00","1969","05","01","13:00","15.6","","0.6","","36","","18","","16","","16.1","","101.10","","","","","","Clear"
"-79.40","43.67","TORONTO","6158350","1969-05-01 14:00","1969","05","01","14:00","15.6","","-1.7","","31","","","","","","","","","","","","","","Clear"
"-79.40","43.67","TORONTO","6158350","1969-05-01 15:00","1969","05","01","15:00","15.0","","-0.6","","35","","","","","","","","","","","","","","Mainly Clear"
"-79.40","43.67","TORONTO","6158350","1969-05-01 16:00","1969","05","01","16:00","15.0","","-0.6","","35","","","","","","","","","","","","","","Clear"
"-79.40","43.67","TORONTO","6158350","1969-05-01 17:00","1969","05","01","17:00","14.4","","-1.1","","34","","","","","","","","","","","","","","Clear"
"-79.40","43.67","TORONTO","6158350","1969-05-01 18:00","1969","05","01","18:00","13.3","","0.0","","40","","","","","","","","","","","","","","Clear"
"-79.40","43.67","TORONTO","6158350","1969-05-01 19:00","1969","05","01","19:00","13.3","","-3.3","","31","","16","","10","","24.1","","100.86","","","","","","Clear"
"-79.40","43.67","TORONTO","6158350","1969-05-01 20:00","1969","05","01","20:00"
"-79.40","43.67","TORONTO","6158350","1969-05-01 21:00","1969","05","01","21:00"
"-79.40","43.67","TORONTO","6158350","1969-05-01 22:00","1969","05","01","22:00"
"-79.40","43.67","TORONTO","6158350","1969-05-01 23:00","1969","05","01","23:00"
"-79.40","43.67","TORONTO","6158350","1969-05-02 00:00","1969","05","02","00:00"
"-79.40","43.67","TORONTO","6158350","1969-05-02 01:00","1969","05","02","01:00"
"-79.40","43.67","TORONTO","6158350","1969-05-02 02:00","1969","05","02","02:00"
"-79.40","43.67","TORONTO","6158350","1969-05-02 03:00","1969","05","02","03:00"
"-79.40","43.67","TORONTO","6158350","1969-05-02 04:00","1969","05","02","04:00"
"-79.40","43.67","TORONTO","6158350","1969-05-02 05:00","1969","05","02","05:00"
"-79.40","43.67","TORONTO","6158350","1969-05-02 06:00","1969","05","02","06:00","8.3","","0.0","","56","","","","","","","","","","","","","","Mainly Clear"
"-79.40","43.67","TORONTO","6158350","1969-05-02 07:00","1969","05","02","07:00","8.3","","0.6","","58","","9","","18","","16.1","","100.80","","","","","","Mainly Clear"
"-79.40","43.67","TORONTO","6158350","1969-05-02 08:00","1969","05","02","08:00","10.6","","2.8","","58","","","","","","","","","","","","","","Mainly Clear"
"-79.40","43.67","TORONTO","6158350","1969-05-02 09:00","1969","05","02","09:00","12.2","","2.8","","52","","","","","","","","","","","","","","Clear"
"-79.40","43.67","TORONTO","6158350","1969-05-02 10:00","1969","05","02","10:00","12.2","","3.3","","55","","","","","","","","","","","","","","Mostly Cloudy"
"-79.40","43.67","TORONTO","6158350","1969-05-02 11:00","1969","05","02","11:00","12.8","","3.9","","54","","","","","","","","","","","","","","Mainly Clear"
"-79.40","43.67","TORONTO","6158350","1969-05-02 12:00","1969","05","02","12:00","15.6","","5.0","","50","","9","","16","","","","100.63","","","","","","Mostly Cloudy"
"-79.40","43.67","TORONTO","6158350","1969-05-02 13:00","1969","05","02","13:00","17.8","","6.7","","49","","9","","19","","12.9","","100.43","","","","","","Mainly Clear"
"-79.40","43.67","TORONTO","6158350","1969-05-02 14:00","1969","05","02","14:00","15.0","","5.6","","53","","","","","","","","","","","","","","Cloudy"
"-79.40","43.67","TORONTO","6158350","1969-05-02 15:00","1969","05","02","15:00","14.4","","5.6","","55","","","","","","","","","","","","","","Cloudy"
"-79.40","43.67","TORONTO","6158350","1969-05-02 16:00","1969","05","02","16:00","14.4","","4.4","","51","","","","","","","","","","","","","","Mostly Cloudy"
"-79.40","43.67","TORONTO","6158350","1969-05-02 17:00","1969","05","02","17:00","15.6","","4.4","","48","","","","","","","","","","","","","","Mostly Cloudy"
"-79.40","43.67","TORONTO","6158350","1969-05-02 18:00","1969","05","02","18:00","15.0","","2.8","","44","","","","","","","","","","","","","","Mostly Cloudy"
"-79.40","43.67","TORONTO","6158350","1969-05-02 19:00","1969","05","02","19:00","16.7","","3.9","","42","","18","","16","","16.1","","99.89","","","","","","Mostly Cloudy"
"-79.40","43.67","TORONTO","6158350","1969-05-02 20:00","1969","05","02","20:00"
"-79.40","43.67","TORONTO","6158350","1969-05-02 21:00","1969","05","02","21:00"
"-79.40","43.67","TORONTO","6158350","1969-05-02 22:00","1969","05","02","22:00"
"-79.40","43.67","TORONTO","6158350","1969-05-02 23:00","1969","05","02","23:00"
"-79.40","43.67","TORONTO","6158350","1969-05-03 00:00","1969","05","03","00:00"
"-79.40","43.67","TORONTO","6158350","1969-05-03 01:00","1969","05","03","01:00"
"-79.40","43.67","TORONTO","6158350","1969-05-03 02:00","1969","05","03","02:00"
"-79.40","43.67","TORONTO","6158350","1969-05-03 03:00","1969","05","03","03:00"
"-79.40","43.67","TORONTO","6158350","1969-05-03 04:00","1969","05","03","04:00"
"-79.40","43.67","TORONTO","6158350","1969-05-03 05:00","1969","05","03","05:00"
"-79.40","43.67","TORONTO","6158350","1969-05-03 06:00","1969","05","03","06:00","12.8","","11.1","","91","","","","","","","","","","","","","","Mainly Clear"
"-79.40","43.67","TORONTO","6158350","1969-05-03 07:00","1969","05","03","07:00","14.4","","12.8","","90","","20","","3","","16.1","","99.83","","","","","","Mainly Clear"
"-79.40","43.67","TORONTO","6158350","1969-05-03 08:00","1969","05","03","08:00","16.7","","12.8","","79","","","","","","","","","","","","","","Mainly Clear"
"-79.40","43.67","TORONTO","6158350","1969-05-03 09:00","1969","05","03","09:00","18.3","","13.9","","74","","","","","","","","","","","","","","Mainly Clear"
"-79.40","43.67","TORONTO","6158350","1969-05-03 10:00","1969","05","03","10:00","19.4","","14.4","","73","","","","","","","","","","","","","","Mainly Clear"
"-79.40","43.67","TORONTO","6158350","1969-05-03 11:00","1969","05","03","11:00","18.3","","13.9","","74","","","","","","","","","","","","","","Mainly Clear"
"-79.40","43.67","TORONTO","6158350","1969-05-03 12:00","1969","05","03","12:00","18.9","","13.3","","71","","14","","10","","","","100.03","","","","","","Mostly Cloudy"
"-79.40","43.67","TORONTO","6158350","1969-05-03 13:00","1969","05","03","13:00","19.4","","13.9","","70","","14","","8","","24.1","","100.01","","","","","","Mostly Cloudy"
"-79.40","43.67","TORONTO","6158350","1969-05-03 14:00","1969","05","03","14:00","19.4","","12.2","","63","","","","","","","","","","","","","","Mainly Clear"
"-79.40","43.67","TORONTO","6158350","1969-05-03 15:00","1969","05","03","15:00","18.9","","10.6","","59","","","","","","","","","","","","","","Mainly Clear"
"-79.40","43.67","TORONTO","6158350","1969-05-03 16:00","1969","05","03","16:00","18.3","","11.1","","62","","","","","","","","","","","","","","Clear"
"-79.40","43.67","TORONTO","6158350","1969-05-03 17:00","1969","05","03","17:00","17.8","","10.0","","61","","","","","","","","","","","","","","Mainly Clear"
"-79.40","43.67","TORONTO","6158350","1969-05-03 18:00","1969","05","03","18:00","16.7","","8.9","","60","","","","","","","","","","","","","","Clear"
"-79.40","43.67","TORONTO","6158350","1969-05-03 19:00","1969","05","03","19:00","15.6","","8.9","","64","","36","","16","","24.1","","100.21","","","","","","Clear"
"-79.40","43.67","TORONTO","6158350","1969-05-03 20:00","1969","05","03","20:00"
"-79.40","43.67","TORONTO","6158350","1969-05-03 21:00","1969","05","03","21:00"
"-79.40","43.67","TORONTO","6158350","1969-05-03 22:00","1969","05","03","22:00"
"-79.40","43.67","TORONTO","6158350","1969-05-03 23:00","1969","05","03","23:00"
"-79.40","43.67","TORONTO","6158350","1969-05-04 00:00","1969","05","04","00:00"
"-79.40","43.67","TORONTO","6158350","1969-05-04 01:00","1969","05","04","01:00"
"-79.40","43.67","TORONTO","6158350","1969-05-04 02:00","1969","05","04","02:00"
"-79.40","43.67","TORONTO","6158350","1969-05-04 03:00","1969","05","04","03:00"
"-79.40","43.67","TORONTO","6158350","1969-05-04 04:00","1969","05","04","04:00"
"-79.40","43.67","TORONTO","6158350","1969-05-04 05:00","1969","05","04","05:00"
"-79.40","43.67","TORONTO","6158350","1969-05-04 06:00","1969","05","04","06:00"
"-79.40","43.67","TORONTO","6158350","1969-05-04 07:00","1969","05","04","07:00","9.4","","5.0","","74","","5","","16","","16.1","","100.60","","","","","","Mainly Clear"
"-79.40","43.67","TORONTO","6158350","1969-05-04 08:00","1969","05","04","08:00","11.7","","6.1","","69","","","","","","","","","","","","","","Mainly Clear"
"-79.40","43.67","TORONTO","6158350","1969-05-04 09:00","1969","05","04","09:00","12.8","","6.1","","64","","","","","","","","","","","","","","Mainly Clear"
"-79.40","43.67","TORONTO","6158350","1969-05-04 10:00","1969","05","04","10:00","12.8","","6.1","","64","","","","","","","","","","","","","","Mainly Clear"
"-79.40","43.67","TORONTO","6158350","1969-05-04 11:00","1969","05","04","11:00","14.4","","7.2","","63","","","","","","","","","","","","","","Mainly Clear"
"-79.40","43.67","TORONTO","6158350","1969-05-04 12:00","1969","05","04","12:00","13.9","","7.2","","64","","36","","16","","","","100.64","","","","","","Mostly Cloudy"
"-79.40","43.67","TORONTO","6158350","1969-05-04 13:00","1969","05","04","13:00","14.4","","7.8","","64","","9","","11","","24.1","","100.61","","","","","","Mostly Cloudy"
"-79.40","43.67","TORONTO","6158350","1969-05-04 14:00","1969","05","04","14:00","15.0","","7.8","","62","","","","","","","","","","","","","","Mainly Clear"
"-79.40","43.67","TORONTO","6158350","1969-05-04 15:00","1969","05","04","15:00","16.7","","8.9","","60","","","","","","","","","","","","","","Mainly Clear"
"-79.40","43.67","TORONTO","6158350","1969-05-04 16:00","1969","05","04","16:00","16.7","","8.9","","60","","","","","","","","","","","","","","Mainly Clear"
"-79.40","43.67","TORONTO","6158350","1969-05-04 17:00","1969","05","04","17:00","16.7","","8.9","","60","","","","","","","","","","","","","","Mainly Clear"
"-79.40","43.67","TORONTO","6158350","1969-05-04 18:00","1969","05","04","18:00","15.6","","8.9","","64","","","","","","","","","","","","","","Mainly Clear"
"-79.40","43.67","TORONTO","6158350","1969-05-04 19:00","1969","05","04","19:00","14.4","","7.8","","64","","25","","5","","25.0","","100.41","","","","","","Mostly Cloudy"
"-79.40","43.67","TORONTO","6158350","1969-05-04 20:00","1969","05","04","20:00"
"-79.40","43.67","TORONTO","6158350","1969-05-04 21:00","1969","05","04","21:00"
"-79.40","43.67","TORONTO","6158350","1969-05-04 22:00","1969","05","04","22:00"
"-79.40","43.67","TORONTO","6158350","1969-05-04 23:00","1969","05","04","23:00"
"-79.40","43.67","TORONTO","6158350","1969-05-05 00:00","1969","05","05","00:00"
"-79.40","43.67","TORONTO","6158350","1969-05-05 01:00","1969","05","05","01:00"
"-79.40","43.67","TORONTO","6158350","1969-05-05 02:00","1969","05","05","02:00"
"-79.40","43.67","TORONTO","6158350","1969-05-05 03:00","1969","05","05","03:00"
"-79.40","43.67","TORONTO","6158350","1969-05-05 04:00","1969","05","05","04:00"
"-79.40","43.67","TORONTO","6158350","1969-05-05 05:00","1969","05","05","05:00"
"-79.40","43.67","TORONTO","6158350","1969-05-05 06:00","1969","05","05","06:00","10.6","","3.3","","61","","","","","","","","","","","","","","Cloudy"
"-79.40","43.67","TORONTO","6158350","1969-05-05 07:00","1969","05","05","07:00","10.6","","4.4","","65","","7","","23","","16.1","","100.81","","","","","","Cloudy"
"-79.40","43.67","TORONTO","6158350","1969-05-05 08:00","1969","05","05","08:00","11.1","","3.9","","60","","","","","","","","","","","","","","Mostly Cloudy"
"-79.40","43.67","TORONTO","6158350","1969-05-05 09:00","1969","05","05","09:00","10.0","","2.8","","60","","","","","","","","","","","","","","Cloudy"
"-79.40","43.67","TORONTO","6158350","1969-05-05 10:00","1969","05","05","10:00","10.6","","0.6","","51","","","","","","","","","","","","","","Mostly Cloudy"
"-79.40","43.67","TORONTO","6158350","1969-05-05 11:00","1969","05","05","11:00","11.1","","2.2","","53","","","","","","","","","","","","","","Cloudy"
"-79.40","43.67","TORONTO","6158350","1969-05-05 12:00","1969","05","05","12:00","10.6","","0.6","","49","","9","","21","","","","100.80","","","","","","Mostly Cloudy"
"-79.40","43.67","TORONTO","6158350","1969-05-05 13:00","1969","05","05","13:00","11.1","","2.2","","53","","14","","16","","24.1","","100.77","","","","","","Mostly Cloudy"
"-79.40","43.67","TORONTO","6158350","1969-05-05 14:00","1969","05","05","14:00","11.7","","2.2","","53","","","","","","","","","","","","","","Mainly Clear"
"-79.40","43.67","TORONTO","6158350","1969-05-05 15:00","1969","05","05","15:00","12.8","","4.4","","56","","","","","","","","","","","","","","Mainly Clear"
"-79.40","43.67","TORONTO","6158350","1969-05-05 16:00","1969","05","05","16:00","12.8","","4.4","","56","","","","","","","","","","","","","","Mainly Clear"
"-79.40","43.67","TORONTO","6158350","1969-05-05 17:00","1969","05","05","17:00","12.2","","4.4","","60","","","","","","","","","","","","","","Mainly Clear"
"-79.40","43.67","TORONTO","6158350","1969-05-05 18:00","1969","05","05","18:00","11.7","","4.4","","61","","","","","","","","","","","","","","Mainly Clear"
"-79.40","43.67","TORONTO","6158350","1969-05-05 19:00","1969","05","05","19:00","11.1","","4.4","","64","","23","","3","","32.2","","100.44","","","","","","Mainly Clear"
"-79.40","43.67","TORONTO","6158350","1969-05-05 20:00","1969","05","05","20:00"
"-79.40","43.67","TORONTO","6158350","1969-05-05 21:00","1969","05","05","21:00"
"-79.40","43.67","TORONTO","6158350","1969-05-05 22:00","1969","05","05","22:00"
"-79.40","43.67","TORONTO","6158350","1969-05-05 23:00","1969","05","05","23:00"
"-79.40","43.67","TORONTO","6158350","1969-05-06 00:00","1969","05","06","00:00"
"-79.40","43.67","TORONTO","6158350","1969-05-06 01:00","1969","05","06","01:00"
"-79.40","43.67","TORONTO","6158350","1969-05-06 02:00","1969","05","06","02:00"
"-79.40","43.67","TORONTO","6158350","1969-05-06 03:00","1969","05","06","03:00"
"-79.40","43.67","TORONTO","6158350","1969-05-06 04:00","1969","05","06","04:00"
"-79.40","43.67","TORONTO","6158350","1969-05-06 05:00","1969","05","06","05:00"
"-79.40","43.67","TORONTO","6158350","1969-05-06 06:00","1969","05","06","06:00","6.7","","3.3","","78","","","","","","","","","","","","","","Clear"
"-79.40","43.67","TORONTO","6158350","1969-05-06 07:00","1969","05","06","07:00","8.9","","5.0","","76","","9","","10","","19.3","","100.44","","","","","","Clear"
"-79.40","43.67","TORONTO","6158350","1969-05-06 08:00","1969","05","06","08:00","10.6","","5.6","","70","","","","","","","","","","","","","","Clear"
"-79.40","43.67","TORONTO","6158350","1969-05-06 09:00","1969","05","06","09:00","11.7","","5.0","","64","","","","","","","","","","","","","","Mainly Clear"
"-79.40","43.67","TORONTO","6158350","1969-05-06 10:00","1969","05","06","10:00","12.8","","6.1","","64","","","","","","","","","","","","","","Clear"
"-79.40","43.67","TORONTO","6158350","1969-05-06 11:00","1969","05","06","11:00","12.8","","1.1","","45","","","","","","","","","","","","","","Mostly Cloudy"
"-79.40","43.67","TORONTO","6158350","1969-05-06 12:00","1969","05","06","12:00","15.6","","-1.7","","31","","9","","23","","","","100.40","","","","","","Mostly Cloudy"
"-79.40","43.67","TORONTO","6158350","1969-05-06 13:00","1969","05","06","13:00","15.6","","-2.8","","28","","9","","24","","16.1","","100.39","","","","","","Mostly Cloudy"
"-79.40","43.67","TORONTO","6158350","1969-05-06 14:00","1969","05","06","14:00","16.7","","-1.1","","30","","","","","","","","","","","","","","Mainly Clear"
"-79.40","43.67","TORONTO","6158350","1969-05-06 15:00","1969","05","06","15:00","16.7","","-1.7","","28","","","","","","","","","","","","","","Mainly Clear"
"-79.40","43.67","TORONTO","6158350","1969-05-06 16:00","1969","05","06","16:00","13.3","","-3.3","","31","","","","","","","","","","","","","","Mostly Cloudy"
"-79.40","43.67","TORONTO","6158350","1969-05-06 17:00","1969","05","06","17:00","13.3","","-2.2","","34","","","","","","","","","","","","","","Mostly Cloudy"
"-79.40","43.67","TORONTO","6158350","1969-05-06 18:00","1969","05","06","18:00","11.7","","-3.9","","34","","","","","","","","","","","","","","Mostly Cloudy"
"-79.40","43.67","TORONTO","6158350","1969-05-06 19:00","1969","05","06","19:00","11.1","","-5.0","","32","","9","","23","","24.1","","100.24","","","","","","Cloudy"
"-79.40","43.67","TORONTO","6158350","1969-05-06 20:00","1969","05","06","20:00"
"-79.40","43.67","TORONTO","6158350","1969-05-06 21:00","1969","05","06","21:00"
"-79.40","43.67","TORONTO","6158350","1969-05-06 22:00","1969","05","06","22:00"
"-79.40","43.67","TORONTO","6158350","1969-05-06 23:00","1969","05","06","23:00"
"-79.40","43.67","TORONTO","6158350","1969-05-07 00:00","1969","05","07","00:00"
"-79.40","43.67","TORONTO","6158350","1969-05-07 01:00","1969","05","07","01:00"
"-79.40","43.67","TORONTO","6158350","1969-05-07 02:00","1969","05","07","02:00"
"-79.40","43.67","TORONTO","6158350","1969-05-07 03:00","1969","05","07","03:00"
"-79.40","43.67","TORONTO","6158350","1969-05-07 04:00","1969","05","07","04:00"
"-79.40","43.67","TORONTO","6158350","1969-05-07 05:00","1969","05","07","05:00"
"-79.40","43.67","TORONTO","6158350","1969-05-07 06:00","1969","05","07","06:00","8.3","","3.3","","71","","","","","","","","","","","","","","Cloudy"
"-79.40","43.67","TORONTO","6158350","1969-05-07 07:00","1969","05","07","07:00","8.9","","3.9","","72","","","","0","","16.1","","100.10","","","","","","Cloudy"
"-79.40","43.67","TORONTO","6158350","1969-05-07 08:00","1969","05","07","08:00","9.4","","5.0","","73","","","","","","","","","","","","","","Cloudy"
"-79.40","43.67","TORONTO","6158350","1969-05-07 09:00","1969","05","07","09:00","10.6","","5.6","","72","","","","","","","","","","","","","","Cloudy"
"-79.40","43.67","TORONTO","6158350","1969-05-07 10:00","1969","05","07","10:00","13.3","","7.2","","66","","","","","","","","","","","","","","Mostly Cloudy"
"-79.40","43.67","TORONTO","6158350","1969-05-07 11:00","1969","05","07","11:00","18.3","","10.0","","58","","9","","11","","","","100.13","","","","","","Haze"
"-79.40","43.67","TORONTO","6158350","1969-05-07 12:00","1969","05","07","12:00","16.1","","6.7","","54","","","","","","","","","","","","","","Haze"
"-79.40","43.67","TORONTO","6158350","1969-05-07 13:00","1969","05","07","13:00","15.0","","6.1","","56","","9","","10","","4.8","","100.12","","","","","","Haze"
"-79.40","43.67","TORONTO","6158350","1969-05-07 14:00","1969","05","07","14:00","16.1","","6.7","","54","","","","","","","","","","","","","","Haze"
"-79.40","43.67","TORONTO","6158350","1969-05-07 15:00","1969","05","07","15:00","15.6","","7.2","","58","","","","","","","","","","","","","","Haze"
"-79.40","43.67","TORONTO","6158350","1969-05-07 16:00","1969","05","07","16:00","16.1","","7.8","","57","","","","","","","","","","","","","","Haze"
"-79.40","43.67","TORONTO","6158350","1969-05-07 17:00","1969","05","07","17:00","16.7","","8.9","","60","","","","","","","","","","","","","","Haze"
"-79.40","43.67","TORONTO","6158350","1969-05-07 18:00","1969","05","07","18:00","17.8","","10.6","","63","","","","","","","","","","","","","","Haze"
"-79.40","43.67","TORONTO","6158350","1969-05-07 19:00","1969","05","07","19:00","17.8","","10.0","","59","","9","","21","","8.0","","100.05","","","","","","Haze"
"-79.40","43.67","TORONTO","6158350","1969-05-07 20:00","1969","05","07","20:00"
"-79.40","43.67","TORONTO","6158350","1969-05-07 21:00","1969","05","07","21:00"
"-79.40","43.67","TORONTO","6158350","1969-05-07 22:00","1969","05","07","22:00"
"-79.40","43.67","TORONTO","6158350","1969-05-07 23:00","1969","05","07","23:00"
"-79.40","43.67","TORONTO","6158350","1969-05-08 00:00","1969","05","08","00:00"
"-79.40","43.67","TORONTO","6158350","1969-05-08 01:00","1969","05","08","01:00"
"-79.40","43.67","TORONTO","6158350","1969-05-08 02:00","1969","05","08","02:00"
"-79.40","43.67","TORONTO","6158350","1969-05-08 03:00","1969","05","08","03:00"
"-79.40","43.67","TORONTO","6158350","1969-05-08 04:00","1969","05","08","04:00"
"-79.40","43.67","TORONTO","6158350","1969-05-08 05:00","1969","05","08","05:00"
"-79.40","43.67","TORONTO","6158350","1969-05-08 06:00","1969","05","08","06:00","12.2","","9.4","","84","","","","","","","","","","","","","","Cloudy"
"-79.40","43.67","TORONTO","6158350","1969-05-08 07:00","1969","05","08","07:00","10.6","","8.3","","87","","36","","11","","4.8","","99.50","","","","","","Rain,Fog"
"-79.40","43.67","TORONTO","6158350","1969-05-08 08:00","1969","05","08","08:00","10.6","","8.9","","94","","","","","","","","","","","","","","Rain,Fog"
"-79.40","43.67","TORONTO","6158350","1969-05-08 09:00","1969","05","08","09:00","12.2","","11.1","","94","","","","","","","","","","","","","","Heavy Rain,Fog"
"-79.40","43.67","TORONTO","6158350","1969-05-08 10:00","1969","05","08","10:00","12.2","","11.7","","96","","","","","","","","","","","","","","Rain,Fog"
"-79.40","43.67","TORONTO","6158350","1969-05-08 11:00","1969","05","08","11:00","14.4","","13.9","","97","","2","","6","","","","98.85","","","","","","Rain,Fog"
"-79.40","43.67","TORONTO","6158350","1969-05-08 12:00","1969","05","08","12:00","14.4","","13.9","","97","","","","","","","","","","","","","","Fog"
"-79.40","43.67","TORONTO","6158350","1969-05-08 13:00","1969","05","08","13:00","15.6","","15.0","","95","","20","","29","","12.9","","98.50","","","","","","Mostly Cloudy"
"-79.40","43.67","TORONTO","6158350","1969-05-08 14:00","1969","05","08","14:00","17.8","","14.4","","80","","","","","","","","","","","","","","Mostly Cloudy"
"-79.40","43.67","TORONTO","6158350","1969-05-08 15:00","1969","05","08","15:00","20.0","","14.4","","70","","","","","","","","","","","","","","Mostly Cloudy"
"-79.40","43.67","TORONTO","6158350","1969-05-08 16:00","1969","05","08","16:00","20.6","","15.0","","71","","","","","","","","","","25","","","","Mainly Clear"
"-79.40","43.67","TORONTO","6158350","1969-05-08 17:00","1969","05","08","17:00","20.6","","14.4","","67","","","","","","","","","","","","","","Haze"
"-79.40","43.67","TORONTO","6158350","1969-05-08 18:00","1969","05","08","18:00","18.9","","12.2","","66","","","","","","","","","","","","","","Cloudy"
"-79.40","43.67","TORONTO","6158350","1969-05-08 19:00","1969","05","08","19:00","15.0","","10.0","","71","","25","","37","","11.3","","98.43","","","","","","Cloudy"
"-79.40","43.67","TORONTO","6158350","1969-05-08 20:00","1969","05","08","20:00"
"-79.40","43.67","TORONTO","6158350","1969-05-08 21:00","1969","05","08","21:00"
"-79.40","43.67","TORONTO","6158350","1969-05-08 22:00","1969","05","08","22:00"
"-79.40","43.67","TORONTO","6158350","1969-05-08 23:00","1969","05","08","23:00"
"-79.40","43.67","TORONTO","6158350","1969-05-09 00:00","1969","05","09","00:00"
"-79.40","43.67","TORONTO","6158350","1969-05-09 01:00","1969","05","09","01:00"
"-79.40","43.67","TORONTO","6158350","1969-05-09 02:00","1969","05","09","02:00"
"-79.40","43.67","TORONTO","6158350","1969-05-09 03:00","1969","05","09","03:00"
"-79.40","43.67","TORONTO","6158350","1969-05-09 04:00","1969","05","09","04:00"
"-79.40","43.67","TORONTO","6158350","1969-05-09 05:00","1969","05","09","05:00"
"-79.40","43.67","TORONTO","6158350","1969-05-09 06:00","1969","05","09","06:00","10.0","","7.2","","84","","","","","","","","","","","","","","Cloudy"
"-79.40","43.67","TORONTO","6158350","1969-05-09 07:00","1969","05","09","07:00","10.6","","7.2","","81","","25","","10","","16.1","","98.37","","","","","","Cloudy"
"-79.40","43.67","TORONTO","6158350","1969-05-09 08:00","1969","05","09","08:00","11.1","","7.8","","79","","","","","","","","","","","","","","Cloudy"
"-79.40","43.67","TORONTO","6158350","1969-05-09 09:00","1969","05","09","09:00","12.2","","7.2","","72","","","","","","","","","","","","","","Cloudy"
"-79.40","43.67","TORONTO","6158350","1969-05-09 10:00","1969","05","09","10:00","12.2","","7.2","","72","","","","","","","","","","","","","","Cloudy"
"-79.40","43.67","TORONTO","6158350","1969-05-09 11:00","1969","05","09","11:00","11.7","","7.8","","76","","18","","5","","","","98.03","","","","","","Rain Showers"
"-79.40","43.67","TORONTO","6158350","1969-05-09 12:00","1969","05","09","12:00","11.1","","8.3","","83","","","","","","","","","","","","","","Rain Showers"
"-79.40","43.67","TORONTO","6158350","1969-05-09 13:00","1969","05","09","13:00","10.6","","7.8","","83","","14","","3","","9.7","","97.85","","","","","","Rain Showers,Fog"
"-79.40","43.67","TORONTO","6158350","1969-05-09 14:00","1969","05","09","14:00","10.6","","8.3","","85","","","","","","","","","","","","","","Rain Showers"
"-79.40","43.67","TORONTO","6158350","1969-05-09 15:00","1969","05","09","15:00","10.0","","7.8","","86","","","","","","","","","","","","","","Rain"
"-79.40","43.67","TORONTO","6158350","1969-05-09 16:00","1969","05","09","16:00","8.9","","6.7","","86","","","","","","","","","","","","","","Cloudy"
"-79.40","43.67","TORONTO","6158350","1969-05-09 17:00","1969","05","09","17:00","7.8","","5.0","","83","","","","","","","","","","","","","","Cloudy"
"-79.40","43.67","TORONTO","6158350","1969-05-09 18:00","1969","05","09","18:00","7.2","","5.6","","89","","","","","","","","","","","","","","Cloudy"
"-79.40","43.67","TORONTO","6158350","1969-05-09 19:00","1969","05","09","19:00","7.2","","5.6","","89","","18","","24","","8.0","","97.47","","","","","","Drizzle"
"-79.40","43.67","TORONTO","6158350","1969-05-09 20:00","1969","05","09","20:00"
"-79.40","43.67","TORONTO","6158350","1969-05-09 21:00","1969","05","09","21:00"
"-79.40","43.67","TORONTO","6158350","1969-05-09 22:00","1969","05","09","22:00"
"-79.40","43.67","TORONTO","6158350","1969-05-09 23:00","1969","05","09","23:00"
"-79.40","43.67","TORONTO","6158350","1969-05-10 00:00","1969","05","10","00:00"
"-79.40","43.67","TORONTO","6158350","1969-05-10 01:00","1969","05","10","01:00"
"-79.40","43.67","TORONTO","6158350","1969-05-10 02:00","1969","05","10","02:00"
"-79.40","43.67","TORONTO","6158350","1969-05-10 03:00","1969","05","10","03:00"
"-79.40","43.67","TORONTO","6158350","1969-05-10 04:00","1969","05","10","04:00"
"-79.40","43.67","TORONTO","6158350","1969-05-10 05:00","1969","05","10","05:00"
"-79.40","43.67","TORONTO","6158350","1969-05-10 06:00","1969","05","10","06:00"
"-79.40","43.67","TORONTO","6158350","1969-05-10 07:00","1969","05","10","07:00","5.6","","2.2","","79","","27","","16","","24.1","","98.72","","","","","","Cloudy"
"-79.40","43.67","TORONTO","6158350","1969-05-10 08:00","1969","05","10","08:00","6.7","","2.8","","76","","","","","","","","","","","","","","Cloudy"
"-79.40","43.67","TORONTO","6158350","1969-05-10 09:00","1969","05","10","09:00","8.9","","2.8","","64","","","","","","","","","","","","","","Cloudy"
"-79.40","43.67","TORONTO","6158350","1969-05-10 10:00","1969","05","10","10:00","10.6","","0.6","","51","","","","","","","","","","","","","","Cloudy"
"-79.40","43.67","TORONTO","6158350","1969-05-10 11:00","1969","05","10","11:00","11.7","","1.1","","52","","36","","18","","","","98.79","","","","","","Mostly Cloudy"
"-79.40","43.67","TORONTO","6158350","1969-05-10 12:00","1969","05","10","12:00","10.6","","2.8","","58","","","","","","","","","","","","","","Mostly Cloudy"
"-79.40","43.67","TORONTO","6158350","1969-05-10 13:00","1969","05","10","13:00","10.6","","3.3","","61","","36","","16","","24.1","","98.74","","","","","","Mostly Cloudy"
"-79.40","43.67","TORONTO","6158350","1969-05-10 14:00","1969","05","10","14:00","10.0","","5.0","","68","","","","","","","","","","","","","","Mostly Cloudy"
"-79.40","43.67","TORONTO","6158350","1969-05-10 15:00","1969","05","10","15:00","10.0","","4.4","","69","","","","","","","","","","","","","","Mostly Cloudy"
"-79.40","43.67","TORONTO","6158350","1969-05-10 16:00","1969","05","10","16:00","11.1","","2.8","","57","","","","","","","","","","","","","","Rain Showers"
"-79.40","43.67","TORONTO","6158350","1969-05-10 17:00","1969","05","10","17:00","9.4","","6.1","","78","","","","","","","","","","","","","","Cloudy"
"-79.40","43.67","TORONTO","6158350","1969-05-10 18:00","1969","05","10","18:00","9.4","","6.1","","80","","","","","","","","","","","","","","Cloudy"
"-79.40","43.67","TORONTO","6158350","1969-05-10 19:00","1969","05","10","19:00","9.4","","5.6","","76","","14","","11","","12.9","","98.61","","","","","","Rain Showers"
"-79.40","43.67","TORONTO","6158350","1969-05-10 20:00","1969","05","10","20:00"
"-79.40","43.67","TORONTO","6158350","1969-05-10 21:00","1969","05","10","21:00"
"-79.40","43.67","TORONTO","6158350","1969-05-10 22:00","1969","05","10","22:00"
"-79.40","43.67","TORONTO","6158350","1969-05-10 23:00","1969","05","10","23:00"
"-79.40","43.67","TORONTO","6158350","1969-05-11 00:00","1969","05","11","00:00"
"-79.40","43.67","TORONTO","6158350","1969-05-11 01:00","1969","05","11","01:00"
"-79.40","43.67","TORONTO","6158350","1969-05-11 02:00","1969","05","11","02:00"
"-79.40","43.67","TORONTO","6158350","1969-05-11 03:00","1969","05","11","03:00"
"-79.40","43.67","TORONTO","6158350","1969-05-11 04:00","1969","05","11","04:00"
"-79.40","43.67","TORONTO","6158350","1969-05-11 05:00","1969","05","11","05:00"
"-79.40","43.67","TORONTO","6158350","1969-05-11 06:00","1969","05","11","06:00"
"-79.40","43.67","TORONTO","6158350","1969-05-11 07:00","1969","05","11","07:00","5.0","","2.2","","83","","29","","23","","16.1","","98.67","","","","","","Rain"
"-79.40","43.67","TORONTO","6158350","1969-05-11 08:00","1969","05","11","08:00","6.1","","2.2","","78","","","","","","","","","","","","","","Cloudy"
"-79.40","43.67","TORONTO","6158350","1969-05-11 09:00","1969","05","11","09:00","7.8","","2.2","","69","","","","","","","","","","","","","","Mostly Cloudy"
"-79.40","43.67","TORONTO","6158350","1969-05-11 10:00","1969","05","11","10:00","8.9","","0.0","","53","","","","","","","","","","","","","","Mostly Cloudy"
"-79.40","43.67","TORONTO","6158350","1969-05-11 11:00","1969","05","11","11:00","10.0","","-1.7","","45","","27","","24","","","","98.89","","","","","","Mainly Clear"
"-79.40","43.67","TORONTO","6158350","1969-05-11 12:00","1969","05","11","12:00","9.4","","-0.6","","51","","","","","","","","","","","","","","Mostly Cloudy"
"-79.40","43.67","TORONTO","6158350","1969-05-11 13:00","1969","05","11","13:00","10.0","","-1.7","","45","","27","","32","","19.3","","98.97","","","","","","Mostly Cloudy"
"-79.40","43.67","TORONTO","6158350","1969-05-11 14:00","1969","05","11","14:00","10.6","","0.6","","51","","","","","","","","","","","","","","Mostly Cloudy"
"-79.40","43.67","TORONTO","6158350","1969-05-11 15:00","1969","05","11","15:00","11.7","","-1.7","","40","","","","","","","","","","","","","","Mostly Cloudy"
"-79.40","43.67","TORONTO","6158350","1969-05-11 16:00","1969","05","11","16:00","11.7","","-5.0","","30","","","","","","","","","","","","","","Mostly Cloudy"
"-79.40","43.67","TORONTO","6158350","1969-05-11 17:00","1969","05","11","17:00","11.7","","-3.9","","34","","","","","","","","","","","","","","Mainly Clear"
"-79.40","43.67","TORONTO","6158350","1969-05-11 18:00","1969","05","11","18:00","11.1","","-3.3","","35","","","","","","","","","","","","","","Mainly Clear"
"-79.40","43.67","TORONTO","6158350","1969-05-11 19:00","1969","05","11","19:00","10.6","","-6.1","","31","","27","","27","","25.0","","99.22","","","","","","Mainly Clear"
"-79.40","43.67","TORONTO","6158350","1969-05-11 20:00","1969","05","11","20:00"
"-79.40","43.67","TORONTO","6158350","1969-05-11 21:00","1969","05","11","21:00"
"-79.40","43.67","TORONTO","6158350","1969-05-11 22:00","1969","05","11","22:00"
"-79.40","43.67","TORONTO","6158350","1969-05-11 23:00","1969","05","11","23:00"
"-79.40","43.67","TORONTO","6158350","1969-05-12 00:00","1969","05","12","00:00"
"-79.40","43.67","TORONTO","6158350","1969-05-12 01:00","1969","05","12","01:00"
"-79.40","43.67","TORONTO","6158350","1969-05-12 02:00","1969","05","12","02:00"
"-79.40","43.67","TORONTO","6158350","1969-05-12 03:00","1969","05","12","03:00"
"-79.40","43.67","TORONTO","6158350","1969-05-12 04:00","1969","05","12","04:00"
"-79.40","43.67","TORONTO","6158350","1969-05-12 05:00","1969","05","12","05:00"
"-79.40","43.67","TORONTO","6158350","1969-05-12 06:00","1969","05","12","06:00","5.6","","3.9","","88","","","","","","","","","","","","","","Cloudy"
"-79.40","43.67","TORONTO","6158350","1969-05-12 07:00","1969","05","12","07:00","6.7","","4.4","","85","","20","","13","","24.1","","99.45","","","","","","Cloudy"
"-79.40","43.67","TORONTO","6158350","1969-05-12 08:00","1969","05","12","08:00","8.3","","3.3","","71","","","","","","","","","","","","","","Mostly Cloudy"
"-79.40","43.67","TORONTO","6158350","1969-05-12 09:00","1969","05","12","09:00","8.9","","2.2","","62","","","","","","","","","","","","","","Mostly Cloudy"
"-79.40","43.67","TORONTO","6158350","1969-05-12 10:00","1969","05","12","10:00","10.0","","0.6","","51","","","","","","","","","","","","","","Mostly Cloudy"
"-79.40","43.67","TORONTO","6158350","1969-05-12 11:00","1969","05","12","11:00","7.2","","1.7","","68","","29","","24","","","","99.66","","","","","","Mostly Cloudy"
"-79.40","43.67","TORONTO","6158350","1969-05-12 12:00","1969","05","12","12:00","9.4","","-1.7","","45","","","","","","","","","","","","","","Mostly Cloudy"
"-79.40","43.67","TORONTO","6158350","1969-05-12 13:00","1969","05","12","13:00","8.9","","-1.7","","48","","27","","35","","24.1","","99.77","","","","","","Mostly Cloudy"
"-79.40","43.67","TORONTO","6158350","1969-05-12 14:00","1969","05","12","14:00","9.4","","-2.2","","43","","","","","","","","","","","","","","Mostly Cloudy"
"-79.40","43.67","TORONTO","6158350","1969-05-12 15:00","1969","05","12","15:00","10.0","","-2.2","","43","","","","","","","","","","","","","","Mostly Cloudy"
"-79.40","43.67","TORONTO","6158350","1969-05-12 16:00","1969","05","12","16:00","11.1","","-1.1","","42","","","","","","","","","","","","","","Mostly Cloudy"
"-79.40","43.67","TORONTO","6158350","1969-05-12 17:00","1969","05","12","17:00","9.4","","-0.6","","49","","","","","","","","","","","","","","Mostly Cloudy"
"-79.40","43.67","TORONTO","6158350","1969-05-12 18:00","1969","05","12","18:00","9.4","","-0.6","","51","","","","","","","","","","","","","","Mostly Cloudy"
"-79.40","43.67","TORONTO","6158350","1969-05-12 19:00","1969","05","12","19:00","9.4","","0.0","","52","","27","","29","","16.1","","100.08","","","","","","Mostly Cloudy"
"-79.40","43.67","TORONTO","6158350","1969-05-12 20:00","1969","05","12","20:00"
"-79.40","43.67","TORONTO","6158350","1969-05-12 21:00","1969","05","12","21:00"
"-79.40","43.67","TORONTO","6158350","1969-05-12 22:00","1969","05","12","22:00"
"-79.40","43.67","TORONTO","6158350","1969-05-12 23:00","1969","05","12","23:00"
"-79.40","43.67","TORONTO","6158350","1969-05-13 00:00","1969","05","13","00:00"
"-79.40","43.67","TORONTO","6158350","1969-05-13 01:00","1969","05","13","01:00"
"-79.40","43.67","TORONTO","6158350","1969-05-13 02:00","1969","05","13","02:00"
"-79.40","43.67","TORONTO","6158350","1969-05-13 03:00","1969","05","13","03:00"
"-79.40","43.67","TORONTO","6158350","1969-05-13 04:00","1969","05","13","04:00"
"-79.40","43.67","TORONTO","6158350","1969-05-13 05:00","1969","05","13","05:00"
"-79.40","43.67","TORONTO","6158350","1969-05-13 06:00","1969","05","13","06:00","6.1","","1.1","","71","","","","","","","","","","","","","","Mainly Clear"
"-79.40","43.67","TORONTO","6158350","1969-05-13 07:00","1969","05","13","07:00","7.8","","1.1","","63","","23","","23","","24.1","","100.33","","","","","","Mostly Cloudy"
"-79.40","43.67","TORONTO","6158350","1969-05-13 08:00","1969","05","13","08:00","9.4","","1.7","","58","","","","","","","","","","","","","","Mostly Cloudy"
"-79.40","43.67","TORONTO","6158350","1969-05-13 09:00","1969","05","13","09:00","11.1","","2.2","","55","","","","","","","","","","","","","","Mainly Clear"
"-79.40","43.67","TORONTO","6158350","1969-05-13 10:00","1969","05","13","10:00","14.4","","1.7","","42","","","","","","","","","","","","","","Mainly Clear"
"-79.40","43.67","TORONTO","6158350","1969-05-13 11:00","1969","05","13","11:00","14.4","","3.3","","46","","27","","24","","","","100.27","","","","","","Mostly Cloudy"
"-79.40","43.67","TORONTO","6158350","1969-05-13 12:00","1969","05","13","12:00","13.9","","2.8","","47","","","","","","","","","","","","","","Rain Showers"
"-79.40","43.67","TORONTO","6158350","1969-05-13 13:00","1969","05","13","13:00","9.4","","6.1","","78","","36","","19","","16.1","","100.34","","","","","","Cloudy"
"-79.40","43.67","TORONTO","6158350","1969-05-13 14:00","1969","05","13","14:00","10.0","","4.4","","68","","","","","","","","","","","","","","Cloudy"
"-79.40","43.67","TORONTO","6158350","1969-05-13 15:00","1969","05","13","15:00","10.0","","4.4","","68","","","","","","","","","","","","","","Cloudy"
"-79.40","43.67","TORONTO","6158350","1969-05-13 16:00","1969","05","13","16:00","12.8","","4.4","","56","","","","","","","","","","","","","","Mostly Cloudy"
"-79.40","43.67","TORONTO","6158350","1969-05-13 17:00","1969","05","13","17:00","13.3","","3.9","","52","","","","","","","","","","","","","","Mostly Cloudy"
"-79.40","43.67","TORONTO","6158350","1969-05-13 18:00","1969","05","13","18:00","8.9","","4.4","","74","","","","","","","","","","","","","","Mostly Cloudy"
"-79.40","43.67","TORONTO","6158350","1969-05-13 19:00","1969","05","13","19:00","8.9","","5.6","","80","","25","","14","","24.1","","100.33","","","","","","Mostly Cloudy"
"-79.40","43.67","TORONTO","6158350","1969-05-13 20:00","1969","05","13","20:00"
"-79.40","43.67","TORONTO","6158350","1969-05-13 21:00","1969","05","13","21:00"
"-79.40","43.67","TORONTO","6158350","1969-05-13 22:00","1969","05","13","22:00"
"-79.40","43.67","TORONTO","6158350","1969-05-13 23:00","1969","05","13","23:00"
"-79.40","43.67","TORONTO","6158350","1969-05-14 00:00","1969","05","14","00:00"
"-79.40","43.67","TORONTO","6158350","1969-05-14 01:00","1969","05","14","01:00"
"-79.40","43.67","TORONTO","6158350","1969-05-14 02:00","1969","05","14","02:00"
"-79.40","43.67","TORONTO","6158350","1969-05-14 03:00","1969","05","14","03:00"
"-79.40","43.67","TORONTO","6158350","1969-05-14 04:00","1969","05","14","04:00"
"-79.40","43.67","TORONTO","6158350","1969-05-14 05:00","1969","05","14","05:00"
"-79.40","43.67","TORONTO","6158350","1969-05-14 06:00","1969","05","14","06:00","6.7","","5.0","","89","","","","","","","","","","","","","","Clear"
"-79.40","43.67","TORONTO","6158350","1969-05-14 07:00","1969","05","14","07:00","7.2","","4.4","","83","","29","","16","","11.3","","100.62","","","","","","Clear"
"-79.40","43.67","TORONTO","6158350","1969-05-14 08:00","1969","05","14","08:00","10.0","","4.4","","69","","","","","","","","","","","","","","Clear"
"-79.40","43.67","TORONTO","6158350","1969-05-14 09:00","1969","05","14","09:00","13.3","","5.6","","58","","","","","","","","","","","","","","Clear"
"-79.40","43.67","TORONTO","6158350","1969-05-14 10:00","1969","05","14","10:00","15.0","","1.7","","40","","","","","","","","","","","","","","Mainly Clear"
"-79.40","43.67","TORONTO","6158350","1969-05-14 11:00","1969","05","14","11:00","15.6","","-1.1","","32","","20","","14","","","","100.71","","","","","","Mainly Clear"
"-79.40","43.67","TORONTO","6158350","1969-05-14 12:00","1969","05","14","12:00","15.6","","-0.6","","33","","","","","","","","","","","","","","Mostly Cloudy"
"-79.40","43.67","TORONTO","6158350","1969-05-14 13:00","1969","05","14","13:00","15.0","","1.1","","39","","20","","18","","24.1","","100.71","","","","","","Mainly Clear"
"-79.40","43.67","TORONTO","6158350","1969-05-14 14:00","1969","05","14","14:00","16.1","","-0.6","","32","","","","","","","","","","","","","","Mainly Clear"
"-79.40","43.67","TORONTO","6158350","1969-05-14 15:00","1969","05","14","15:00","16.7","","-2.2","","27","","","","","","","","","","","","","","Mainly Clear"
"-79.40","43.67","TORONTO","6158350","1969-05-14 16:00","1969","05","14","16:00","16.7","","0.0","","32","","","","","","","","","","","","","","Mainly Clear"
"-79.40","43.67","TORONTO","6158350","1969-05-14 17:00","1969","05","14","17:00","16.1","","-0.6","","32","","","","","","","","","","","","","","Mainly Clear"
"-79.40","43.67","TORONTO","6158350","1969-05-14 18:00","1969","05","14","18:00","16.1","","0.0","","34","","","","","","","","","","","","","","Clear"
"-79.40","43.67","TORONTO","6158350","1969-05-14 19:00","1969","05","14","19:00","15.0","","-1.1","","34","","","","0","","24.1","","100.71","","","","","","Clear"
"-79.40","43.67","TORONTO","6158350","1969-05-14 20:00","1969","05","14","20:00"
"-79.40","43.67","TORONTO","6158350","1969-05-14 21:00","1969","05","14","21:00"
"-79.40","43.67","TORONTO","6158350","1969-05-14 22:00","1969","05","14","22:00"
"-79.40","43.67","TORONTO","6158350","1969-05-14 23:00","1969","05","14","23:00"
"-79.40","43.67","TORONTO","6158350","1969-05-15 00:00","1969","05","15","00:00"
"-79.40","43.67","TORONTO","6158350","1969-05-15 01:00","1969","05","15","01:00"
"-79.40","43.67","TORONTO","6158350","1969-05-15 02:00","1969","05","15","02:00"
"-79.40","43.67","TORONTO","6158350","1969-05-15 03:00","1969","05","15","03:00"
"-79.40","43.67","TORONTO","6158350","1969-05-15 04:00","1969","05","15","04:00"
"-79.40","43.67","TORONTO","6158350","1969-05-15 05:00","1969","05","15","05:00"
"-79.40","43.67","TORONTO","6158350","1969-05-15 06:00","1969","05","15","06:00","7.2","","0.0","","60","","","","","","","","","","","","","","Clear"
"-79.40","43.67","TORONTO","6158350","1969-05-15 07:00","1969","05","15","07:00","8.9","","0.6","","55","","18","","6","","24.1","","101.15","","","","","","Clear"
"-79.40","43.67","TORONTO","6158350","1969-05-15 08:00","1969","05","15","08:00","11.1","","2.2","","53","","","","","","","","","","","","","","Clear"
"-79.40","43.67","TORONTO","6158350","1969-05-15 09:00","1969","05","15","09:00","12.8","","2.8","","50","","","","","","","","","","","","","","Clear"
"-79.40","43.67","TORONTO","6158350","1969-05-15 10:00","1969","05","15","10:00","14.4","","2.2","","43","","","","","","","","","","","","","","Clear"
"-79.40","43.67","TORONTO","6158350","1969-05-15 11:00","1969","05","15","11:00","14.4","","3.3","","46","","9","","16","","","","101.13","","","","","","Clear"
"-79.40","43.67","TORONTO","6158350","1969-05-15 12:00","1969","05","15","12:00","15.6","","0.6","","36","","","","","","","","","","","","","","Mainly Clear"
"-79.40","43.67","TORONTO","6158350","1969-05-15 13:00","1969","05","15","13:00","16.7","","1.7","","37","","9","","16","","24.1","","101.04","","","","","","Mainly Clear"
"-79.40","43.67","TORONTO","6158350","1969-05-15 14:00","1969","05","15","14:00","16.7","","1.1","","35","","","","","","","","","","","","","","Mainly Clear"
"-79.40","43.67","TORONTO","6158350","1969-05-15 15:00","1969","05","15","15:00","16.1","","1.7","","37","","","","","","","","","","","","","","Cloudy"
"-79.40","43.67","TORONTO","6158350","1969-05-15 16:00","1969","05","15","16:00","15.6","","1.1","","37","","","","","","","","","","","","","","Cloudy"
"-79.40","43.67","TORONTO","6158350","1969-05-15 17:00","1969","05","15","17:00","15.0","","0.0","","36","","","","","","","","","","","","","","Cloudy"
"-79.40","43.67","TORONTO","6158350","1969-05-15 18:00","1969","05","15","18:00","15.0","","0.6","","38","","","","","","","","","","","","","","Mostly Cloudy"
"-79.40","43.67","TORONTO","6158350","1969-05-15 19:00","1969","05","15","19:00","13.9","","0.6","","40","","9","","19","","24.1","","100.84","","","","","","Cloudy"
"-79.40","43.67","TORONTO","6158350","1969-05-15 20:00","1969","05","15","20:00"
"-79.40","43.67","TORONTO","6158350","1969-05-15 21:00","1969","05","15","21:00"
"-79.40","43.67","TORONTO","6158350","1969-05-15 22:00","1969","05","15","22:00"
"-79.40","43.67","TORONTO","6158350","1969-05-15 23:00","1969","05","15","23:00"
"-79.40","43.67","TORONTO","6158350","1969-05-16 00:00","1969","05","16","00:00"
"-79.40","43.67","TORONTO","6158350","1969-05-16 01:00","1969","05","16","01:00"
"-79.40","43.67","TORONTO","6158350","1969-05-16 02:00","1969","05","16","02:00"
"-79.40","43.67","TORONTO","6158350","1969-05-16 03:00","1969","05","16","03:00"
"-79.40","43.67","TORONTO","6158350","1969-05-16 04:00","1969","05","16","04:00"
"-79.40","43.67","TORONTO","6158350","1969-05-16 05:00","1969","05","16","05:00"
"-79.40","43.67","TORONTO","6158350","1969-05-16 06:00","1969","05","16","06:00","9.4","","2.2","","60","","","","","","","","","","","","","","Mostly Cloudy"
"-79.40","43.67","TORONTO","6158350","1969-05-16 07:00","1969","05","16","07:00","10.6","","2.8","","58","","23","","6","","19.3","","100.91","","","","","","Cloudy"
"-79.40","43.67","TORONTO","6158350","1969-05-16 08:00","1969","05","16","08:00","13.9","","3.3","","50","","","","","","","","","","","","","","Mostly Cloudy"
"-79.40","43.67","TORONTO","6158350","1969-05-16 09:00","1969","05","16","09:00","15.6","","3.9","","45","","","","","","","","","","","","","","Mostly Cloudy"
"-79.40","43.67","TORONTO","6158350","1969-05-16 10:00","1969","05","16","10:00","16.1","","3.9","","44","","","","","","","","","","","","","","Mostly Cloudy"
"-79.40","43.67","TORONTO","6158350","1969-05-16 11:00","1969","05","16","11:00","17.2","","3.3","","39","","18","","5","","","","100.81","","","","","","Mostly Cloudy"
"-79.40","43.67","TORONTO","6158350","1969-05-16 12:00","1969","05","16","12:00","21.1","","6.1","","38","","","","","","","","","","","","","","Mostly Cloudy"
"-79.40","43.67","TORONTO","6158350","1969-05-16 13:00","1969","05","16","13:00","22.2","","8.3","","41","","16","","10","","32.2","","100.65","","","","","","Mostly Cloudy"
"-79.40","43.67","TORONTO","6158350","1969-05-16 14:00","1969","05","16","14:00","23.3","","8.9","","40","","","","","","","","","","","","","","Mostly Cloudy"
"-79.40","43.67","TORONTO","6158350","1969-05-16 15:00","1969","05","16","15:00","22.8","","9.4","","42","","","","","","","","","","","","","","Mostly Cloudy"
"-79.40","43.67","TORONTO","6158350","1969-05-16 16:00","1969","05","16","16:00","23.3","","11.1","","45","","","","","","","","","","25","","","","Clear"
"-79.40","43.67","TORONTO","6158350","1969-05-16 17:00","1969","05","16","17:00","23.3","","11.1","","47","","","","","","","","","","25","","","","Mainly Clear"
"-79.40","43.67","TORONTO","6158350","1969-05-16 18:00","1969","05","16","18:00","22.8","","12.2","","50","","","","","","","","","","25","","","","Cloudy"
"-79.40","43.67","TORONTO","6158350","1969-05-16 19:00","1969","05","16","19:00","22.2","","11.7","","51","","25","","8","","24.1","","100.35","","","","","","Mainly Clear"
"-79.40","43.67","TORONTO","6158350","1969-05-16 20:00","1969","05","16","20:00"
"-79.40","43.67","TORONTO","6158350","1969-05-16 21:00","1969","05","16","21:00"
"-79.40","43.67","TORONTO","6158350","1969-05-16 22:00","1969","05","16","22:00"
"-79.40","43.67","TORONTO","6158350","1969-05-16 23:00","1969","05","16","23:00"
"-79.40","43.67","TORONTO","6158350","1969-05-17 00:00","1969","05","17","00:00"
"-79.40","43.67","TORONTO","6158350","1969-05-17 01:00","1969","05","17","01:00"
"-79.40","43.67","TORONTO","6158350","1969-05-17 02:00","1969","05","17","02:00"
"-79.40","43.67","TORONTO","6158350","1969-05-17 03:00","1969","05","17","03:00"
"-79.40","43.67","TORONTO","6158350","1969-05-17 04:00","1969","05","17","04:00"
"-79.40","43.67","TORONTO","6158350","1969-05-17 05:00","1969","05","17","05:00"
"-79.40","43.67","TORONTO","6158350","1969-05-17 06:00","1969","05","17","06:00"
"-79.40","43.67","TORONTO","6158350","1969-05-17 07:00","1969","05","17","07:00","16.1","","11.1","","73","","23","","11","","16.1","","100.22","","","","","","Cloudy"
"-79.40","43.67","TORONTO","6158350","1969-05-17 08:00","1969","05","17","08:00","17.2","","11.7","","70","","","","","","","","","","","","","","Cloudy"
"-79.40","43.67","TORONTO","6158350","1969-05-17 09:00","1969","05","17","09:00","17.8","","12.2","","70","","","","","","","","","","","","","","Cloudy"
"-79.40","43.67","TORONTO","6158350","1969-05-17 10:00","1969","05","17","10:00","20.0","","15.0","","74","","","","","","","","","","","","","","Cloudy"
"-79.40","43.67","TORONTO","6158350","1969-05-17 11:00","1969","05","17","11:00","21.1","","15.6","","71","","20","","19","","","","100.30","","25","","","","Mostly Cloudy"
"-79.40","43.67","TORONTO","6158350","1969-05-17 12:00","1969","05","17","12:00","18.3","","14.4","","78","","","","","","","","","","","","","","Cloudy"
"-79.40","43.67","TORONTO","6158350","1969-05-17 13:00","1969","05","17","13:00","18.9","","15.6","","80","","20","","19","","19.3","","100.22","","","","","","Cloudy"
"-79.40","43.67","TORONTO","6158350","1969-05-17 14:00","1969","05","17","14:00","18.9","","15.6","","80","","","","","","","","","","","","","","Cloudy"
"-79.40","43.67","TORONTO","6158350","1969-05-17 15:00","1969","05","17","15:00","18.3","","15.0","","80","","","","","","","","","","","","","","Cloudy"
"-79.40","43.67","TORONTO","6158350","1969-05-17 16:00","1969","05","17","16:00","20.0","","15.0","","72","","","","","","","","","","","","","","Mostly Cloudy"
"-79.40","43.67","TORONTO","6158350","1969-05-17 17:00","1969","05","17","17:00","18.3","","13.9","","76","","","","","","","","","","","","","","Cloudy"
"-79.40","43.67","TORONTO","6158350","1969-05-17 18:00","1969","05","17","18:00","17.8","","14.4","","80","","","","","","","","","","","","","","Cloudy"
"-79.40","43.67","TORONTO","6158350","1969-05-17 19:00","1969","05","17","19:00","17.2","","13.3","","77","","34","","18","","24.1","","100.14","","","","","","Cloudy"
"-79.40","43.67","TORONTO","6158350","1969-05-17 20:00","1969","05","17","20:00"
"-79.40","43.67","TORONTO","6158350","1969-05-17 21:00","1969","05","17","21:00"
"-79.40","43.67","TORONTO","6158350","1969-05-17 22:00","1969","05","17","22:00"
"-79.40","43.67","TORONTO","6158350","1969-05-17 23:00","1969","05","17","23:00"
"-79.40","43.67","TORONTO","6158350","1969-05-18 00:00","1969","05","18","00:00"
"-79.40","43.67","TORONTO","6158350","1969-05-18 01:00","1969","05","18","01:00"
"-79.40","43.67","TORONTO","6158350","1969-05-18 02:00","1969","05","18","02:00"
"-79.40","43.67","TORONTO","6158350","1969-05-18 03:00","1969","05","18","03:00"
"-79.40","43.67","TORONTO","6158350","1969-05-18 04:00","1969","05","18","04:00"
"-79.40","43.67","TORONTO","6158350","1969-05-18 05:00","1969","05","18","05:00"
"-79.40","43.67","TORONTO","6158350","1969-05-18 06:00","1969","05","18","06:00"
"-79.40","43.67","TORONTO","6158350","1969-05-18 07:00","1969","05","18","07:00","8.3","","5.6","","81","","9","","26","","19.3","","100.57","","","","","","Cloudy"
"-79.40","43.67","TORONTO","6158350","1969-05-18 08:00","1969","05","18","08:00","7.8","","5.6","","87","","","","","","","","","","","","","","Rain Showers"
"-79.40","43.67","TORONTO","6158350","1969-05-18 09:00","1969","05","18","09:00","7.8","","6.7","","91","","","","","","","","","","","","","","Rain Showers"
"-79.40","43.67","TORONTO","6158350","1969-05-18 10:00","1969","05","18","10:00","7.8","","6.7","","94","","","","","","","","","","","","","","Rain Showers"
"-79.40","43.67","TORONTO","6158350","1969-05-18 11:00","1969","05","18","11:00","7.8","","6.7","","91","","9","","29","","","","100.41","","","","","","Rain"
"-79.40","43.67","TORONTO","6158350","1969-05-18 12:00","1969","05","18","12:00","7.8","","6.7","","94","","","","","","","","","","","","","","Rain,Fog"
"-79.40","43.67","TORONTO","6158350","1969-05-18 13:00","1969","05","18","13:00","7.8","","6.7","","94","","9","","32","","6.4","","100.22","","","","","","Rain,Fog"
"-79.40","43.67","TORONTO","6158350","1969-05-18 14:00","1969","05","18","14:00","7.8","","7.2","","96","","","","","","","","","","","","","","Rain,Fog"
"-79.40","43.67","TORONTO","6158350","1969-05-18 15:00","1969","05","18","15:00","8.3","","7.8","","94","","","","","","","","","","","","","","Rain,Fog"
"-79.40","43.67","TORONTO","6158350","1969-05-18 16:00","1969","05","18","16:00","8.9","","7.8","","94","","","","","","","","","","","","","","Rain,Fog"
"-79.40","43.67","TORONTO","6158350","1969-05-18 17:00","1969","05","18","17:00","8.9","","7.8","","94","","","","","","","","","","","","","","Rain,Fog"
"-79.40","43.67","TORONTO","6158350","1969-05-18 18:00","1969","05","18","18:00","8.3","","7.8","","96","","","","","","","","","","","","","","Rain,Fog"
"-79.40","43.67","TORONTO","6158350","1969-05-18 19:00","1969","05","18","19:00","8.3","","7.2","","94","","9","","24","","3.2","","99.66","","","","","","Rain,Fog"
"-79.40","43.67","TORONTO","6158350","1969-05-18 20:00","1969","05","18","20:00"
"-79.40","43.67","TORONTO","6158350","1969-05-18 21:00","1969","05","18","21:00"
"-79.40","43.67","TORONTO","6158350","1969-05-18 22:00","1969","05","18","22:00"
"-79.40","43.67","TORONTO","6158350","1969-05-18 23:00","1969","05","18","23:00"
"-79.40","43.67","TORONTO","6158350","1969-05-19 00:00","1969","05","19","00:00"
"-79.40","43.67","TORONTO","6158350","1969-05-19 01:00","1969","05","19","01:00"
"-79.40","43.67","TORONTO","6158350","1969-05-19 02:00","1969","05","19","02:00"
"-79.40","43.67","TORONTO","6158350","1969-05-19 03:00","1969","05","19","03:00"
"-79.40","43.67","TORONTO","6158350","1969-05-19 04:00","1969","05","19","04:00"
"-79.40","43.67","TORONTO","6158350","1969-05-19 05:00","1969","05","19","05:00"
"-79.40","43.67","TORONTO","6158350","1969-05-19 06:00","1969","05","19","06:00"
"-79.40","43.67","TORONTO","6158350","1969-05-19 07:00","1969","05","19","07:00","15.0","","14.4","","95","","27","","5","","16.1","","99.70","","","","","","Cloudy"
"-79.40","43.67","TORONTO","6158350","1969-05-19 08:00","1969","05","19","08:00","15.0","","13.9","","93","","","","","","","","","","","","","","Cloudy"
"-79.40","43.67","TORONTO","6158350","1969-05-19 09:00","1969","05","19","09:00","15.6","","13.9","","88","","","","","","","","","","","","","","Cloudy"
"-79.40","43.67","TORONTO","6158350","1969-05-19 10:00","1969","05","19","10:00","17.2","","13.3","","77","","","","","","","","","","","","","","Mostly Cloudy"
"-79.40","43.67","TORONTO","6158350","1969-05-19 11:00","1969","05","19","11:00","18.3","","13.3","","72","","20","","13","","","","99.89","","","","","","Cloudy"
"-79.40","43.67","TORONTO","6158350","1969-05-19 12:00","1969","05","19","12:00","18.3","","12.2","","67","","","","","","","","","","","","","","Mostly Cloudy"
"-79.40","43.67","TORONTO","6158350","1969-05-19 13:00","1969","05","19","13:00","18.9","","14.4","","75","","20","","19","","32.2","","99.92","","","","","","Mostly Cloudy"
"-79.40","43.67","TORONTO","6158350","1969-05-19 14:00","1969","05","19","14:00","18.3","","13.3","","72","","","","","","","","","","","","","","Mainly Clear"
"-79.40","43.67","TORONTO","6158350","1969-05-19 15:00","1969","05","19","15:00","18.3","","12.8","","71","","","","","","","","","","","","","","Mostly Cloudy"
"-79.40","43.67","TORONTO","6158350","1969-05-19 16:00","1969","05","19","16:00","19.4","","13.9","","71","","","","","","","","","","","","","","Mostly Cloudy"
"-79.40","43.67","TORONTO","6158350","1969-05-19 17:00","1969","05","19","17:00","19.4","","13.9","","70","","","","","","","","","","","","","","Mostly Cloudy"
"-79.40","43.67","TORONTO","6158350","1969-05-19 18:00","1969","05","19","18:00","18.3","","13.3","","72","","","","","","","","","","","","","","Mostly Cloudy"
"-79.40","43.67","TORONTO","6158350","1969-05-19 19:00","1969","05","19","19:00","17.8","","13.3","","76","","25","","5","","11.3","","99.92","","","","","","Mostly Cloudy"
"-79.40","43.67","TORONTO","6158350","1969-05-19 20:00","1969","05","19","20:00"
"-79.40","43.67","TORONTO","6158350","1969-05-19 21:00","1969","05","19","21:00"
"-79.40","43.67","TORONTO","6158350","1969-05-19 22:00","1969","05","19","22:00"
"-79.40","43.67","TORONTO","6158350","1969-05-19 23:00","1969","05","19","23:00"
"-79.40","43.67","TORONTO","6158350","1969-05-20 00:00","1969","05","20","00:00"
"-79.40","43.67","TORONTO","6158350","1969-05-20 01:00","1969","05","20","01:00"
"-79.40","43.67","TORONTO","6158350","1969-05-20 02:00","1969","05","20","02:00"
"-79.40","43.67","TORONTO","6158350","1969-05-20 03:00","1969","05","20","03:00"
"-79.40","43.67","TORONTO","6158350","1969-05-20 04:00","1969","05","20","04:00"
"-79.40","43.67","TORONTO","6158350","1969-05-20 05:00","1969","05","20","05:00"
"-79.40","43.67","TORONTO","6158350","1969-05-20 06:00","1969","05","20","06:00","12.2","","9.4","","82","","","","","","","","","","","","","","Cloudy"
"-79.40","43.67","TORONTO","6158350","1969-05-20 07:00","1969","05","20","07:00","12.8","","7.8","","72","","27","","6","","16.1","","100.05","","","","","","Cloudy"
"-79.40","43.67","TORONTO","6158350","1969-05-20 08:00","1969","05","20","08:00","13.3","","9.4","","76","","","","","","","","","","","","","","Cloudy"
"-79.40","43.67","TORONTO","6158350","1969-05-20 09:00","1969","05","20","09:00","14.4","","8.9","","70","","","","","","","","","","","","","","Cloudy"
"-79.40","43.67","TORONTO","6158350","1969-05-20 10:00","1969","05","20","10:00","13.9","","9.4","","75","","","","","","","","","","","","","","Cloudy"
"-79.40","43.67","TORONTO","6158350","1969-05-20 11:00","1969","05","20","11:00","13.9","","9.4","","75","","25","","3","","24.1","","100.00","","","","","","Cloudy"
"-79.40","43.67","TORONTO","6158350","1969-05-20 12:00","1969","05","20","12:00","16.1","","10.6","","69","","","","","","","","","","","","","","Mostly Cloudy"
"-79.40","43.67","TORONTO","6158350","1969-05-20 13:00","1969","05","20","13:00","17.8","","10.6","","63","","18","","13","","32.2","","99.95","","","","","","Mostly Cloudy"
"-79.40","43.67","TORONTO","6158350","1969-05-20 14:00","1969","05","20","14:00","17.8","","10.0","","59","","","","","","","","","","","","","","Mostly Cloudy"
"-79.40","43.67","TORONTO","6158350","1969-05-20 15:00","1969","05","20","15:00","18.3","","10.6","","60","","","","","","","","","","","","","","Cloudy"
"-79.40","43.67","TORONTO","6158350","1969-05-20 16:00","1969","05","20","16:00","15.0","","10.6","","74","","","","","","","","","","","","","","Mostly Cloudy"
"-79.40","43.67","TORONTO","6158350","1969-05-20 17:00","1969","05","20","17:00","15.0","","10.6","","74","","","","","","","","","","","","","","Mostly Cloudy"
"-79.40","43.67","TORONTO","6158350","1969-05-20 18:00","1969","05","20","18:00","13.9","","8.3","","70","","","","","","","","","","","","","","Mainly Clear"
"-79.40","43.67","TORONTO","6158350","1969-05-20 19:00","1969","05","20","19:00","13.3","","5.6","","58","","34","","26","","24.1","","100.42","","","","","","Mainly Clear"
"-79.40","43.67","TORONTO","6158350","1969-05-20 20:00","1969","05","20","20:00"
"-79.40","43.67","TORONTO","6158350","1969-05-20 21:00","1969","05","20","21:00"
"-79.40","43.67","TORONTO","6158350","1969-05-20 22:00","1969","05","20","22:00"
"-79.40","43.67","TORONTO","6158350","1969-05-20 23:00","1969","05","20","23:00"
"-79.40","43.67","TORONTO","6158350","1969-05-21 00:00","1969","05","21","00:00"
"-79.40","43.67","TORONTO","6158350","1969-05-21 01:00","1969","05","21","01:00"
"-79.40","43.67","TORONTO","6158350","1969-05-21 02:00","1969","05","21","02:00"
"-79.40","43.67","TORONTO","6158350","1969-05-21 03:00","1969","05","21","03:00"
"-79.40","43.67","TORONTO","6158350","1969-05-21 04:00","1969","05","21","04:00"
"-79.40","43.67","TORONTO","6158350","1969-05-21 05:00","1969","05","21","05:00"
"-79.40","43.67","TORONTO","6158350","1969-05-21 06:00","1969","05","21","06:00","6.1","","1.1","","69","","","","","","","","","","","","","","Clear"
"-79.40","43.67","TORONTO","6158350","1969-05-21 07:00","1969","05","21","07:00","6.7","","0.0","","63","","5","","24","","19.3","","101.39","","","","","","Mainly Clear"
"-79.40","43.67","TORONTO","6158350","1969-05-21 08:00","1969","05","21","08:00","8.3","","-0.6","","54","","","","","","","","","","","","","","Clear"
"-79.40","43.67","TORONTO","6158350","1969-05-21 09:00","1969","05","21","09:00","8.9","","-2.2","","46","","","","","","","","","","","","","","Clear"
"-79.40","43.67","TORONTO","6158350","1969-05-21 10:00","1969","05","21","10:00","9.4","","-0.6","","51","","","","","","","","","","","","","","Mainly Clear"
"-79.40","43.67","TORONTO","6158350","1969-05-21 11:00","1969","05","21","11:00","8.9","","0.6","","55","","9","","26","","","","101.51","","","","","","Mainly Clear"
"-79.40","43.67","TORONTO","6158350","1969-05-21 12:00","1969","05","21","12:00","9.4","","0.0","","52","","","","","","","","","","","","","","Mostly Cloudy"
"-79.40","43.67","TORONTO","6158350","1969-05-21 13:00","1969","05","21","13:00","11.1","","0.0","","47","","9","","19","","16.1","","101.44","","","","","","Mostly Cloudy"
"-79.40","43.67","TORONTO","6158350","1969-05-21 14:00","1969","05","21","14:00","11.7","","-0.6","","43","","","","","","","","","","","","","","Mostly Cloudy"
"-79.40","43.67","TORONTO","6158350","1969-05-21 15:00","1969","05","21","15:00","10.6","","-1.7","","42","","","","","","","","","","","","","","Mostly Cloudy"
"-79.40","43.67","TORONTO","6158350","1969-05-21 16:00","1969","05","21","16:00","10.6","","-1.1","","44","","","","","","","","","","","","","","Cloudy"
"-79.40","43.67","TORONTO","6158350","1969-05-21 17:00","1969","05","21","17:00","10.6","","-2.8","","39","","","","","","","","","","","","","","Cloudy"
"-79.40","43.67","TORONTO","6158350","1969-05-21 18:00","1969","05","21","18:00","11.7","","-2.2","","38","","","","","","","","","","","","","","Mostly Cloudy"
"-79.40","43.67","TORONTO","6158350","1969-05-21 19:00","1969","05","21","19:00","11.1","","-1.7","","40","","9","","18","","24.1","","101.29","","","","","","Cloudy"
"-79.40","43.67","TORONTO","6158350","1969-05-21 20:00","1969","05","21","20:00"
"-79.40","43.67","TORONTO","6158350","1969-05-21 21:00","1969","05","21","21:00"
"-79.40","43.67","TORONTO","6158350","1969-05-21 22:00","1969","05","21","22:00"
"-79.40","43.67","TORONTO","6158350","1969-05-21 23:00","1969","05","21","23:00"
"-79.40","43.67","TORONTO","6158350","1969-05-22 00:00","1969","05","22","00:00"
"-79.40","43.67","TORONTO","6158350","1969-05-22 01:00","1969","05","22","01:00"
"-79.40","43.67","TORONTO","6158350","1969-05-22 02:00","1969","05","22","02:00"
"-79.40","43.67","TORONTO","6158350","1969-05-22 03:00","1969","05","22","03:00"
"-79.40","43.67","TORONTO","6158350","1969-05-22 04:00","1969","05","22","04:00"
"-79.40","43.67","TORONTO","6158350","1969-05-22 05:00","1969","05","22","05:00"
"-79.40","43.67","TORONTO","6158350","1969-05-22 06:00","1969","05","22","06:00","8.9","","0.6","","57","","","","","","","","","","","","","","Cloudy"
"-79.40","43.67","TORONTO","6158350","1969-05-22 07:00","1969","05","22","07:00","8.9","","1.1","","59","","7","","24","","19.3","","101.18","","","","","","Cloudy"
"-79.40","43.67","TORONTO","6158350","1969-05-22 08:00","1969","05","22","08:00","10.0","","0.6","","51","","","","","","","","","","","","","","Cloudy"
"-79.40","43.67","TORONTO","6158350","1969-05-22 09:00","1969","05","22","09:00","10.0","","-1.7","","45","","","","","","","","","","","","","","Cloudy"
"-79.40","43.67","TORONTO","6158350","1969-05-22 10:00","1969","05","22","10:00","10.6","","-1.1","","44","","","","","","","","","","","","","","Cloudy"
"-79.40","43.67","TORONTO","6158350","1969-05-22 11:00","1969","05","22","11:00","10.6","","-0.6","","46","","7","","24","","24.1","","101.15","","","","","","Cloudy"
"-79.40","43.67","TORONTO","6158350","1969-05-22 12:00","1969","05","22","12:00","11.7","","-4.4","","32","","","","","","","","","","","","","","Mostly Cloudy"
"-79.40","43.67","TORONTO","6158350","1969-05-22 13:00","1969","05","22","13:00","12.8","","-0.6","","40","","9","","23","","32.2","","101.12","","","","","","Cloudy"
"-79.40","43.67","TORONTO","6158350","1969-05-22 14:00","1969","05","22","14:00","11.1","","0.0","","47","","","","","","","","","","","","","","Cloudy"
"-79.40","43.67","TORONTO","6158350","1969-05-22 15:00","1969","05","22","15:00","11.7","","1.7","","51","","","","","","","","","","","","","","Mostly Cloudy"
"-79.40","43.67","TORONTO","6158350","1969-05-22 16:00","1969","05","22","16:00","12.2","","1.7","","49","","","","","","","","","","","","","","Mostly Cloudy"
"-79.40","43.67","TORONTO","6158350","1969-05-22 17:00","1969","05","22","17:00","12.8","","1.7","","46","","","","","","","","","","","","","","Mainly Clear"
"-79.40","43.67","TORONTO","6158350","1969-05-22 18:00","1969","05","22","18:00","12.8","","0.6","","43","","","","","","","","","","","","","","Clear"
"-79.40","43.67","TORONTO","6158350","1969-05-22 19:00","1969","05","22","19:00","12.8","","1.1","","45","","9","","11","","25.0","","100.98","","","","","","Mainly Clear"
"-79.40","43.67","TORONTO","6158350","1969-05-22 20:00","1969","05","22","20:00"
"-79.40","43.67","TORONTO","6158350","1969-05-22 21:00","1969","05","22","21:00"
"-79.40","43.67","TORONTO","6158350","1969-05-22 22:00","1969","05","22","22:00"
"-79.40","43.67","TORONTO","6158350","1969-05-22 23:00","1969","05","22","23:00"
"-79.40","43.67","TORONTO","6158350","1969-05-23 00:00","1969","05","23","00:00"
"-79.40","43.67","TORONTO","6158350","1969-05-23 01:00","1969","05","23","01:00"
"-79.40","43.67","TORONTO","6158350","1969-05-23 02:00","1969","05","23","02:00"
"-79.40","43.67","TORONTO","6158350","1969-05-23 03:00","1969","05","23","03:00"
"-79.40","43.67","TORONTO","6158350","1969-05-23 04:00","1969","05","23","04:00"
"-79.40","43.67","TORONTO","6158350","1969-05-23 05:00","1969","05","23","05:00"
"-79.40","43.67","TORONTO","6158350","1969-05-23 06:00","1969","05","23","06:00","10.0","","3.3","","62","","","","","","","","","","","","","","Cloudy"
"-79.40","43.67","TORONTO","6158350","1969-05-23 07:00","1969","05","23","07:00","10.6","","3.3","","61","","5","","10","","19.3","","101.01","","","","","","Cloudy"
"-79.40","43.67","TORONTO","6158350","1969-05-23 08:00","1969","05","23","08:00","11.7","","3.3","","57","","","","","","","","","","","","","","Cloudy"
"-79.40","43.67","TORONTO","6158350","1969-05-23 09:00","1969","05","23","09:00","12.8","","3.9","","54","","","","","","","","","","","","","","Mostly Cloudy"
"-79.40","43.67","TORONTO","6158350","1969-05-23 10:00","1969","05","23","10:00","14.4","","1.7","","42","","","","","","","","","","","","","","Mostly Cloudy"
"-79.40","43.67","TORONTO","6158350","1969-05-23 11:00","1969","05","23","11:00","15.0","","0.6","","38","","14","","19","","32.2","","100.95","","","","","","Mostly Cloudy"
"-79.40","43.67","TORONTO","6158350","1969-05-23 12:00","1969","05","23","12:00","15.6","","0.6","","36","","","","","","","","","","","","","","Mainly Clear"
"-79.40","43.67","TORONTO","6158350","1969-05-23 13:00","1969","05","23","13:00","15.6","","0.6","","36","","25","","8","","32.2","","100.83","","","","","","Mainly Clear"
"-79.40","43.67","TORONTO","6158350","1969-05-23 14:00","1969","05","23","14:00","15.6","","2.2","","40","","","","","","","","","","","","","","Mainly Clear"
"-79.40","43.67","TORONTO","6158350","1969-05-23 15:00","1969","05","23","15:00","16.7","","2.2","","38","","","","","","","","","","","","","","Mainly Clear"
"-79.40","43.67","TORONTO","6158350","1969-05-23 16:00","1969","05","23","16:00","15.0","","1.7","","40","","","","","","","","","","","","","","Mostly Cloudy"
"-79.40","43.67","TORONTO","6158350","1969-05-23 17:00","1969","05","23","17:00","15.6","","2.2","","40","","","","","","","","","","","","","","Mostly Cloudy"
"-79.40","43.67","TORONTO","6158350","1969-05-23 18:00","1969","05","23","18:00","15.0","","1.7","","40","","","","","","","","","","","","","","Mainly Clear"
"-79.40","43.67","TORONTO","6158350","1969-05-23 19:00","1969","05","23","19:00","13.3","","2.2","","47","","","","0","","32.2","","100.64","","","","","","Clear"
"-79.40","43.67","TORONTO","6158350","1969-05-23 20:00","1969","05","23","20:00"
"-79.40","43.67","TORONTO","6158350","1969-05-23 21:00","1969","05","23","21:00"
"-79.40","43.67","TORONTO","6158350","1969-05-23 22:00","1969","05","23","22:00"
"-79.40","43.67","TORONTO","6158350","1969-05-23 23:00","1969","05","23","23:00"
"-79.40","43.67","TORONTO","6158350","1969-05-24 00:00","1969","05","24","00:00"
"-79.40","43.67","TORONTO","6158350","1969-05-24 01:00","1969","05","24","01:00"
"-79.40","43.67","TORONTO","6158350","1969-05-24 02:00","1969","05","24","02:00"
"-79.40","43.67","TORONTO","6158350","1969-05-24 03:00","1969","05","24","03:00"
"-79.40","43.67","TORONTO","6158350","1969-05-24 04:00","1969","05","24","04:00"
"-79.40","43.67","TORONTO","6158350","1969-05-24 05:00","1969","05","24","05:00"
"-79.40","43.67","TORONTO","6158350","1969-05-24 06:00","1969","05","24","06:00"
"-79.40","43.67","TORONTO","6158350","1969-05-24 07:00","1969","05","24","07:00","10.6","","2.8","","59","","20","","5","","24.1","","100.42","","","","","","Clear"
"-79.40","43.67","TORONTO","6158350","1969-05-24 08:00","1969","05","24","08:00","12.8","","2.8","","51","","","","","","","","","","","","","","Clear"
"-79.40","43.67","TORONTO","6158350","1969-05-24 09:00","1969","05","24","09:00","13.3","","4.4","","55","","","","","","","","","","","","","","Clear"
"-79.40","43.67","TORONTO","6158350","1969-05-24 10:00","1969","05","24","10:00","13.9","","4.4","","53","","","","","","","","","","","","","","Clear"
"-79.40","43.67","TORONTO","6158350","1969-05-24 11:00","1969","05","24","11:00","16.7","","6.7","","51","","20","","10","","","","100.29","","","","","","Mainly Clear"
"-79.40","43.67","TORONTO","6158350","1969-05-24 12:00","1969","05","24","12:00","17.2","","7.2","","51","","","","","","","","","","","","","","Mainly Clear"
"-79.40","43.67","TORONTO","6158350","1969-05-24 13:00","1969","05","24","13:00","18.3","","5.6","","43","","18","","27","","24.1","","100.17","","","","","","Mostly Cloudy"
"-79.40","43.67","TORONTO","6158350","1969-05-24 14:00","1969","05","24","14:00","18.3","","6.7","","46","","","","","","","","","","","","","","Mainly Clear"
"-79.40","43.67","TORONTO","6158350","1969-05-24 15:00","1969","05","24","15:00","18.9","","6.1","","44","","","","","","","","","","","","","","Mainly Clear"
"-79.40","43.67","TORONTO","6158350","1969-05-24 16:00","1969","05","24","16:00","18.3","","5.0","","41","","","","","","","","","","","","","","Mostly Cloudy"
"-79.40","43.67","TORONTO","6158350","1969-05-24 17:00","1969","05","24","17:00","17.8","","7.8","","52","","","","","","","","","","","","","","Mainly Clear"
"-79.40","43.67","TORONTO","6158350","1969-05-24 18:00","1969","05","24","18:00","16.7","","6.7","","51","","","","","","","","","","","","","","Clear"
"-79.40","43.67","TORONTO","6158350","1969-05-24 19:00","1969","05","24","19:00","16.7","","7.2","","54","","20","","21","","32.2","","99.90","","","","","","Clear"
"-79.40","43.67","TORONTO","6158350","1969-05-24 20:00","1969","05","24","20:00"
"-79.40","43.67","TORONTO","6158350","1969-05-24 21:00","1969","05","24","21:00"
"-79.40","43.67","TORONTO","6158350","1969-05-24 22:00","1969","05","24","22:00"
"-79.40","43.67","TORONTO","6158350","1969-05-24 23:00","1969","05","24","23:00"
"-79.40","43.67","TORONTO","6158350","1969-05-25 00:00","1969","05","25","00:00"
"-79.40","43.67","TORONTO","6158350","1969-05-25 01:00","1969","05","25","01:00"
"-79.40","43.67","TORONTO","6158350","1969-05-25 02:00","1969","05","25","02:00"
"-79.40","43.67","TORONTO","6158350","1969-05-25 03:00","1969","05","25","03:00"
"-79.40","43.67","TORONTO","6158350","1969-05-25 04:00","1969","05","25","04:00"
"-79.40","43.67","TORONTO","6158350","1969-05-25 05:00","1969","05","25","05:00"
"-79.40","43.67","TORONTO","6158350","1969-05-25 06:00","1969","05","25","06:00"
"-79.40","43.67","TORONTO","6158350","1969-05-25 07:00","1969","05","25","07:00","11.1","","7.8","","81","","34","","16","","24.1","","99.96","","","","","","Cloudy"
"-79.40","43.67","TORONTO","6158350","1969-05-25 08:00","1969","05","25","08:00","11.1","","8.9","","87","","","","","","","","","","","","","","Rain Showers"
"-79.40","43.67","TORONTO","6158350","1969-05-25 09:00","1969","05","25","09:00","12.2","","8.9","","80","","","","","","","","","","","","","","Cloudy"
"-79.40","43.67","TORONTO","6158350","1969-05-25 10:00","1969","05","25","10:00","12.2","","7.8","","75","","","","","","","","","","","","","","Cloudy"
"-79.40","43.67","TORONTO","6158350","1969-05-25 11:00","1969","05","25","11:00","12.2","","7.8","","75","","36","","21","","","","100.12","","","","","","Mostly Cloudy"
"-79.40","43.67","TORONTO","6158350","1969-05-25 12:00","1969","05","25","12:00","14.4","","7.2","","63","","","","","","","","","","","","","","Mainly Clear"
"-79.40","43.67","TORONTO","6158350","1969-05-25 13:00","1969","05","25","13:00","13.9","","5.0","","56","","32","","21","","24.1","","100.16","","","","","","Mostly Cloudy"
"-79.40","43.67","TORONTO","6158350","1969-05-25 14:00","1969","05","25","14:00","15.6","","6.1","","54","","","","","","","","","","","","","","Mostly Cloudy"
"-79.40","43.67","TORONTO","6158350","1969-05-25 15:00","1969","05","25","15:00","15.0","","4.4","","49","","","","","","","","","","","","","","Mainly Clear"
"-79.40","43.67","TORONTO","6158350","1969-05-25 16:00","1969","05","25","16:00","12.8","","2.2","","48","","","","","","","","","","","","","","Clear"
"-79.40","43.67","TORONTO","6158350","1969-05-25 17:00","1969","05","25","17:00","12.8","","0.6","","43","","","","","","","","","","","","","","Clear"
"-79.40","43.67","TORONTO","6158350","1969-05-25 18:00","1969","05","25","18:00","11.1","","-4.4","","34","","","","","","","","","","","","","","Clear"
"-79.40","43.67","TORONTO","6158350","1969-05-25 19:00","1969","05","25","19:00","9.4","","-0.6","","49","","34","","23","","32.2","","100.35","","","","","","Clear"
"-79.40","43.67","TORONTO","6158350","1969-05-25 20:00","1969","05","25","20:00"
"-79.40","43.67","TORONTO","6158350","1969-05-25 21:00","1969","05","25","21:00"
"-79.40","43.67","TORONTO","6158350","1969-05-25 22:00","1969","05","25","22:00"
"-79.40","43.67","TORONTO","6158350","1969-05-25 23:00","1969","05","25","23:00"
"-79.40","43.67","TORONTO","6158350","1969-05-26 00:00","1969","05","26","00:00"
"-79.40","43.67","TORONTO","6158350","1969-05-26 01:00","1969","05","26","01:00"
"-79.40","43.67","TORONTO","6158350","1969-05-26 02:00","1969","05","26","02:00"
"-79.40","43.67","TORONTO","6158350","1969-05-26 03:00","1969","05","26","03:00"
"-79.40","43.67","TORONTO","6158350","1969-05-26 04:00","1969","05","26","04:00"
"-79.40","43.67","TORONTO","6158350","1969-05-26 05:00","1969","05","26","05:00"
"-79.40","43.67","TORONTO","6158350","1969-05-26 06:00","1969","05","26","06:00","4.4","","-3.9","","55","","","","","","","","","","","","","","Clear"
"-79.40","43.67","TORONTO","6158350","1969-05-26 07:00","1969","05","26","07:00","5.0","","-3.3","","54","","5","","19","","24.1","","101.05","","","","","","Clear"
"-79.40","43.67","TORONTO","6158350","1969-05-26 08:00","1969","05","26","08:00","7.8","","-2.2","","49","","","","","","","","","","","","","","Clear"
"-79.40","43.67","TORONTO","6158350","1969-05-26 09:00","1969","05","26","09:00","8.3","","-3.9","","41","","","","","","","","","","","","","","Clear"
"-79.40","43.67","TORONTO","6158350","1969-05-26 10:00","1969","05","26","10:00","8.9","","-3.3","","42","","","","","","","","","","","","","","Clear"
"-79.40","43.67","TORONTO","6158350","1969-05-26 11:00","1969","05","26","11:00","9.4","","-1.7","","45","","16","","16","","32.2","","101.17","","","","","","Clear"
"-79.40","43.67","TORONTO","6158350","1969-05-26 12:00","1969","05","26","12:00","10.0","","-4.4","","36","","","","","","","","","","","","","","Clear"
"-79.40","43.67","TORONTO","6158350","1969-05-26 13:00","1969","05","26","13:00","10.0","","-2.2","","43","","18","","16","","24.1","","101.13","","","","","","Clear"
"-79.40","43.67","TORONTO","6158350","1969-05-26 14:00","1969","05","26","14:00","11.1","","-1.7","","40","","","","","","","","","","","","","","Clear"
"-79.40","43.67","TORONTO","6158350","1969-05-26 15:00","1969","05","26","15:00","10.6","","-1.7","","42","","","","","","","","","","","","","","Clear"
"-79.40","43.67","TORONTO","6158350","1969-05-26 16:00","1969","05","26","16:00","11.1","","-1.1","","42","","","","","","","","","","","","","","Mainly Clear"
"-79.40","43.67","TORONTO","6158350","1969-05-26 17:00","1969","05","26","17:00","10.0","","-0.6","","48","","","","","","","","","","","","","","Mainly Clear"
"-79.40","43.67","TORONTO","6158350","1969-05-26 18:00","1969","05","26","18:00","10.6","","-2.8","","39","","","","","","","","","","","","","","Mainly Clear"
"-79.40","43.67","TORONTO","6158350","1969-05-26 19:00","1969","05","26","19:00","10.0","","-1.7","","45","","","","0","","24.1","","100.94","","","","","","Mainly Clear"
"-79.40","43.67","TORONTO","6158350","1969-05-26 20:00","1969","05","26","20:00"
"-79.40","43.67","TORONTO","6158350","1969-05-26 21:00","1969","05","26","21:00"
"-79.40","43.67","TORONTO","6158350","1969-05-26 22:00","1969","05","26","22:00"
"-79.40","43.67","TORONTO","6158350","1969-05-26 23:00","1969","05","26","23:00"
"-79.40","43.67","TORONTO","6158350","1969-05-27 00:00","1969","05","27","00:00"
"-79.40","43.67","TORONTO","6158350","1969-05-27 01:00","1969","05","27","01:00"
"-79.40","43.67","TORONTO","6158350","1969-05-27 02:00","1969","05","27","02:00"
"-79.40","43.67","TORONTO","6158350","1969-05-27 03:00","1969","05","27","03:00"
"-79.40","43.67","TORONTO","6158350","1969-05-27 04:00","1969","05","27","04:00"
"-79.40","43.67","TORONTO","6158350","1969-05-27 05:00","1969","05","27","05:00"
"-79.40","43.67","TORONTO","6158350","1969-05-27 06:00","1969","05","27","06:00","6.7","","0.0","","61","","","","","","","","","","","","","","Mainly Clear"
"-79.40","43.67","TORONTO","6158350","1969-05-27 07:00","1969","05","27","07:00","8.9","","-1.1","","50","","","","0","","24.1","","101.17","","","","","","Clear"
"-79.40","43.67","TORONTO","6158350","1969-05-27 08:00","1969","05","27","08:00","11.1","","0.0","","47","","","","","","","","","","","","","","Clear"
"-79.40","43.67","TORONTO","6158350","1969-05-27 09:00","1969","05","27","09:00","13.3","","1.7","","44","","","","","","","","","","","","","","Clear"
"-79.40","43.67","TORONTO","6158350","1969-05-27 10:00","1969","05","27","10:00","14.4","","0.0","","38","","","","","","","","","","","","","","Clear"
"-79.40","43.67","TORONTO","6158350","1969-05-27 11:00","1969","05","27","11:00","15.0","","1.7","","40","","18","","6","","24.1","","101.18","","","","","","Mostly Cloudy"
"-79.40","43.67","TORONTO","6158350","1969-05-27 12:00","1969","05","27","12:00","15.6","","2.2","","41","","","","","","","","","","","","","","Mostly Cloudy"
"-79.40","43.67","TORONTO","6158350","1969-05-27 13:00","1969","05","27","13:00","17.2","","5.0","","44","","14","","8","","24.1","","101.06","","","","","","Mostly Cloudy"
"-79.40","43.67","TORONTO","6158350","1969-05-27 14:00","1969","05","27","14:00","16.7","","5.0","","45","","","","","","","","","","","","","","Mostly Cloudy"
"-79.40","43.67","TORONTO","6158350","1969-05-27 15:00","1969","05","27","15:00","17.2","","3.9","","41","","","","","","","","","","","","","","Mostly Cloudy"
"-79.40","43.67","TORONTO","6158350","1969-05-27 16:00","1969","05","27","16:00","17.8","","5.0","","44","","","","","","","","","","","","","","Mostly Cloudy"
"-79.40","43.67","TORONTO","6158350","1969-05-27 17:00","1969","05","27","17:00","17.2","","4.4","","43","","","","","","","","","","","","","","Mostly Cloudy"
"-79.40","43.67","TORONTO","6158350","1969-05-27 18:00","1969","05","27","18:00","16.7","","3.9","","42","","","","","","","","","","","","","","Mostly Cloudy"
"-79.40","43.67","TORONTO","6158350","1969-05-27 19:00","1969","05","27","19:00","16.1","","4.4","","46","","9","","8","","19.3","","100.61","","","","","","Mostly Cloudy"
"-79.40","43.67","TORONTO","6158350","1969-05-27 20:00","1969","05","27","20:00"
"-79.40","43.67","TORONTO","6158350","1969-05-27 21:00","1969","05","27","21:00"
"-79.40","43.67","TORONTO","6158350","1969-05-27 22:00","1969","05","27","22:00"
"-79.40","43.67","TORONTO","6158350","1969-05-27 23:00","1969","05","27","23:00"
"-79.40","43.67","TORONTO","6158350","1969-05-28 00:00","1969","05","28","00:00"
"-79.40","43.67","TORONTO","6158350","1969-05-28 01:00","1969","05","28","01:00"
"-79.40","43.67","TORONTO","6158350","1969-05-28 02:00","1969","05","28","02:00"
"-79.40","43.67","TORONTO","6158350","1969-05-28 03:00","1969","05","28","03:00"
"-79.40","43.67","TORONTO","6158350","1969-05-28 04:00","1969","05","28","04:00"
"-79.40","43.67","TORONTO","6158350","1969-05-28 05:00","1969","05","28","05:00"
"-79.40","43.67","TORONTO","6158350","1969-05-28 06:00","1969","05","28","06:00","12.8","","7.8","","70","","","","","","","","","","","","","","Mostly Cloudy"
"-79.40","43.67","TORONTO","6158350","1969-05-28 07:00","1969","05","28","07:00","14.4","","8.9","","69","","27","","6","","24.1","","100.23","","","","","","Mostly Cloudy"
"-79.40","43.67","TORONTO","6158350","1969-05-28 08:00","1969","05","28","08:00","17.8","","10.6","","63","","","","","","","","","","","","","","Mostly Cloudy"
"-79.40","43.67","TORONTO","6158350","1969-05-28 09:00","1969","05","28","09:00","20.6","","11.1","","56","","","","","","","","","","","","","","Mostly Cloudy"
"-79.40","43.67","TORONTO","6158350","1969-05-28 10:00","1969","05","28","10:00","21.7","","13.9","","61","","","","","","","","","","25","","","","Mostly Cloudy"
"-79.40","43.67","TORONTO","6158350","1969-05-28 11:00","1969","05","28","11:00","26.7","","15.6","","51","","20","","8","","","","100.03","","31","","","","Mainly Clear"
"-79.40","43.67","TORONTO","6158350","1969-05-28 12:00","1969","05","28","12:00","27.8","","16.7","","52","","","","","","","","","","33","","","","Mainly Clear"
"-79.40","43.67","TORONTO","6158350","1969-05-28 13:00","1969","05","28","13:00","26.1","","15.6","","53","","23","","11","","24.1","","99.94","","30","","","","Mainly Clear"
"-79.40","43.67","TORONTO","6158350","1969-05-28 14:00","1969","05","28","14:00","27.8","","16.7","","52","","","","","","","","","","33","","","","Mostly Cloudy"
"-79.40","43.67","TORONTO","6158350","1969-05-28 15:00","1969","05","28","15:00","32.2","","19.4","","46","","","","","","","","","","39","","","","Mostly Cloudy"
"-79.40","43.67","TORONTO","6158350","1969-05-28 16:00","1969","05","28","16:00","31.1","","18.9","","49","","","","","","","","","","38","","","","Mostly Cloudy"
"-79.40","43.67","TORONTO","6158350","1969-05-28 17:00","1969","05","28","17:00","31.1","","18.9","","49","","","","","","","","","","38","","","","Mostly Cloudy"
"-79.40","43.67","TORONTO","6158350","1969-05-28 18:00","1969","05","28","18:00","30.0","","19.4","","52","","","","","","","","","","37","","","","Mainly Clear"
"-79.40","43.67","TORONTO","6158350","1969-05-28 19:00","1969","05","28","19:00","29.4","","19.4","","54","","27","","24","","16.1","","99.69","","36","","","","Mainly Clear"
"-79.40","43.67","TORONTO","6158350","1969-05-28 20:00","1969","05","28","20:00"
"-79.40","43.67","TORONTO","6158350","1969-05-28 21:00","1969","05","28","21:00"
"-79.40","43.67","TORONTO","6158350","1969-05-28 22:00","1969","05","28","22:00"
"-79.40","43.67","TORONTO","6158350","1969-05-28 23:00","1969","05","28","23:00"
"-79.40","43.67","TORONTO","6158350","1969-05-29 00:00","1969","05","29","00:00"
"-79.40","43.67","TORONTO","6158350","1969-05-29 01:00","1969","05","29","01:00"
"-79.40","43.67","TORONTO","6158350","1969-05-29 02:00","1969","05","29","02:00"
"-79.40","43.67","TORONTO","6158350","1969-05-29 03:00","1969","05","29","03:00"
"-79.40","43.67","TORONTO","6158350","1969-05-29 04:00","1969","05","29","04:00"
"-79.40","43.67","TORONTO","6158350","1969-05-29 05:00","1969","05","29","05:00"
"-79.40","43.67","TORONTO","6158350","1969-05-29 06:00","1969","05","29","06:00","22.8","","17.2","","70","","","","","","","","","","28","","","","Mostly Cloudy"
"-79.40","43.67","TORONTO","6158350","1969-05-29 07:00","1969","05","29","07:00","23.9","","17.2","","66","","25","","11","","24.1","","99.54","","29","","","","Mostly Cloudy"
"-79.40","43.67","TORONTO","6158350","1969-05-29 08:00","1969","05","29","08:00","25.6","","17.8","","62","","","","","","","","","","31","","","","Mainly Clear"
"-79.40","43.67","TORONTO","6158350","1969-05-29 09:00","1969","05","29","09:00","27.2","","17.8","","56","","","","","","","","","","33","","","","Mainly Clear"
"-79.40","43.67","TORONTO","6158350","1969-05-29 10:00","1969","05","29","10:00","29.4","","21.1","","61","","","","","","","","","","38","","","","Mostly Cloudy"
"-79.40","43.67","TORONTO","6158350","1969-05-29 11:00","1969","05","29","11:00","30.6","","18.9","","51","","23","","24","","","","99.46","","37","","","","Mostly Cloudy"
"-79.40","43.67","TORONTO","6158350","1969-05-29 12:00","1969","05","29","12:00","31.1","","18.3","","46","","","","","","","","","","37","","","","Mostly Cloudy"
"-79.40","43.67","TORONTO","6158350","1969-05-29 13:00","1969","05","29","13:00","31.1","","18.9","","48","","25","","16","","24.1","","99.44","","38","","","","Mostly Cloudy"
"-79.40","43.67","TORONTO","6158350","1969-05-29 14:00","1969","05","29","14:00","33.9","","17.8","","39","","","","","","","","","","40","","","","Mostly Cloudy"
"-79.40","43.67","TORONTO","6158350","1969-05-29 15:00","1969","05","29","15:00","33.3","","17.8","","39","","","","","","","","","","39","","","","Mostly Cloudy"
"-79.40","43.67","TORONTO","6158350","1969-05-29 16:00","1969","05","29","16:00","32.8","","17.8","","41","","","","","","","","","","39","","","","Mainly Clear"
"-79.40","43.67","TORONTO","6158350","1969-05-29 17:00","1969","05","29","17:00","30.6","","20.0","","53","","","","","","","","","","38","","","","Mainly Clear"
"-79.40","43.67","TORONTO","6158350","1969-05-29 18:00","1969","05","29","18:00","27.2","","18.3","","58","","","","","","","","","","33","","","","Mainly Clear"
"-79.40","43.67","TORONTO","6158350","1969-05-29 19:00","1969","05","29","19:00","25.0","","13.9","","50","","29","","32","","24.1","","99.26","","28","","","","Mostly Cloudy"
"-79.40","43.67","TORONTO","6158350","1969-05-29 20:00","1969","05","29","20:00"
"-79.40","43.67","TORONTO","6158350","1969-05-29 21:00","1969","05","29","21:00"
"-79.40","43.67","TORONTO","6158350","1969-05-29 22:00","1969","05","29","22:00"
"-79.40","43.67","TORONTO","6158350","1969-05-29 23:00","1969","05","29","23:00"
"-79.40","43.67","TORONTO","6158350","1969-05-30 00:00","1969","05","30","00:00"
"-79.40","43.67","TORONTO","6158350","1969-05-30 01:00","1969","05","30","01:00"
"-79.40","43.67","TORONTO","6158350","1969-05-30 02:00","1969","05","30","02:00"
"-79.40","43.67","TORONTO","6158350","1969-05-30 03:00","1969","05","30","03:00"
"-79.40","43.67","TORONTO","6158350","1969-05-30 04:00","1969","05","30","04:00"
"-79.40","43.67","TORONTO","6158350","1969-05-30 05:00","1969","05","30","05:00"
"-79.40","43.67","TORONTO","6158350","1969-05-30 06:00","1969","05","30","06:00","15.0","","7.2","","60","","","","","","","","","","","","","","Mainly Clear"
"-79.40","43.67","TORONTO","6158350","1969-05-30 07:00","1969","05","30","07:00","17.2","","6.7","","50","","32","","23","","24.1","","99.64","","","","","","Mainly Clear"
"-79.40","43.67","TORONTO","6158350","1969-05-30 08:00","1969","05","30","08:00","20.0","","7.8","","45","","","","","","","","","","","","","","Clear"
"-79.40","43.67","TORONTO","6158350","1969-05-30 09:00","1969","05","30","09:00","21.7","","8.3","","42","","","","","","","","","","","","","","Mainly Clear"
"-79.40","43.67","TORONTO","6158350","1969-05-30 10:00","1969","05","30","10:00","21.1","","8.3","","44","","","","","","","","","","","","","","Mainly Clear"
"-79.40","43.67","TORONTO","6158350","1969-05-30 11:00","1969","05","30","11:00","21.7","","10.0","","48","","18","","5","","","","99.65","","","","","","Mainly Clear"
"-79.40","43.67","TORONTO","6158350","1969-05-30 12:00","1969","05","30","12:00","22.8","","9.4","","43","","","","","","","","","","","","","","Mainly Clear"
"-79.40","43.67","TORONTO","6158350","1969-05-30 13:00","1969","05","30","13:00","23.9","","10.0","","41","","","","0","","24.1","","99.59","","25","","","","Mainly Clear"
"-79.40","43.67","TORONTO","6158350","1969-05-30 14:00","1969","05","30","14:00","26.1","","9.4","","35","","","","","","","","","","27","","","","Mainly Clear"
"-79.40","43.67","TORONTO","6158350","1969-05-30 15:00","1969","05","30","15:00","26.1","","6.7","","29","","","","","","","","","","26","","","","Clear"
"-79.40","43.67","TORONTO","6158350","1969-05-30 16:00","1969","05","30","16:00","25.0","","5.6","","28","","","","","","","","","","","","","","Clear"
"-79.40","43.67","TORONTO","6158350","1969-05-30 17:00","1969","05","30","17:00","23.9","","5.0","","29","","","","","","","","","","","","","","Clear"
"-79.40","43.67","TORONTO","6158350","1969-05-30 18:00","1969","05","30","18:00","22.8","","5.6","","32","","","","","","","","","","","","","","Clear"
"-79.40","43.67","TORONTO","6158350","1969-05-30 19:00","1969","05","30","19:00","21.1","","4.4","","34","","36","","26","","24.1","","99.65","","","","","","Clear"
"-79.40","43.67","TORONTO","6158350","1969-05-30 20:00","1969","05","30","20:00"
"-79.40","43.67","TORONTO","6158350","1969-05-30 21:00","1969","05","30","21:00"
"-79.40","43.67","TORONTO","6158350","1969-05-30 22:00","1969","05","30","22:00"
"-79.40","43.67","TORONTO","6158350","1969-05-30 23:00","1969","05","30","23:00"
"-79.40","43.67","TORONTO","6158350","1969-05-31 00:00","1969","05","31","00:00"
"-79.40","43.67","TORONTO","6158350","1969-05-31 01:00","1969","05","31","01:00"
"-79.40","43.67","TORONTO","6158350","1969-05-31 02:00","1969","05","31","02:00"
"-79.40","43.67","TORONTO","6158350","1969-05-31 03:00","1969","05","31","03:00"
"-79.40","43.67","TORONTO","6158350","1969-05-31 04:00","1969","05","31","04:00"
"-79.40","43.67","TORONTO","6158350","1969-05-31 05:00","1969","05","31","05:00"
"-79.40","43.67","TORONTO","6158350","1969-05-31 06:00","1969","05","31","06:00"
"-79.40","43.67","TORONTO","6158350","1969-05-31 07:00","1969","05","31","07:00","15.0","","1.7","","40","","36","","24","","24.1","","100.10","","","","","","Clear"
"-79.40","43.67","TORONTO","6158350","1969-05-31 08:00","1969","05","31","08:00","15.6","","1.7","","39","","","","","","","","","","","","","","Mainly Clear"
"-79.40","43.67","TORONTO","6158350","1969-05-31 09:00","1969","05","31","09:00","16.1","","1.7","","37","","","","","","","","","","","","","","Mainly Clear"
"-79.40","43.67","TORONTO","6158350","1969-05-31 10:00","1969","05","31","10:00","16.1","","0.0","","34","","","","","","","","","","","","","","Mainly Clear"
"-79.40","43.67","TORONTO","6158350","1969-05-31 11:00","1969","05","31","11:00","16.7","","1.7","","37","","9","","24","","32.2","","100.12","","","","","","Mainly Clear"
"-79.40","43.67","TORONTO","6158350","1969-05-31 12:00","1969","05","31","12:00","17.2","","4.4","","43","","","","","","","","","","","","","","Mainly Clear"
"-79.40","43.67","TORONTO","6158350","1969-05-31 13:00","1969","05","31","13:00","16.7","","2.2","","38","","9","","24","","32.2","","100.13","","","","","","Mainly Clear"
"-79.40","43.67","TORONTO","6158350","1969-05-31 14:00","1969","05","31","14:00","17.2","","1.7","","34","","","","","","","","","","","","","","Clear"
"-79.40","43.67","TORONTO","6158350","1969-05-31 15:00","1969","05","31","15:00","17.2","","0.0","","31","","","","","","","","","","","","","","Clear"
"-79.40","43.67","TORONTO","6158350","1969-05-31 16:00","1969","05","31","16:00","17.2","","0.6","","33","","","","","","","","","","","","","","Clear"
"-79.40","43.67","TORONTO","6158350","1969-05-31 17:00","1969","05","31","17:00","17.2","","0.0","","31","","","","","","","","","","","","","","Mostly Cloudy"
"-79.40","43.67","TORONTO","6158350","1969-05-31 18:00","1969","05","31","18:00","17.2","","-0.6","","30","","","","","","","","","","","","","","Mostly Cloudy"
"-79.40","43.67","TORONTO","6158350","1969-05-31 19:00","1969","05","31","19:00","16.1","","0.0","","34","","9","","27","","24.1","","99.83","","","","","","Mainly Clear"
"-79.40","43.67","TORONTO","6158350","1969-05-31 20:00","1969","05","31","20:00"
"-79.40","43.67","TORONTO","6158350","1969-05-31 21:00","1969","05","31","21:00"
"-79.40","43.67","TORONTO","6158350","1969-05-31 22:00","1969","05","31","22:00"
"-79.40","43.67","TORONTO","6158350","1969-05-31 23:00","1969","05","31","23:00"
